Rank,Category1,Category2,Name,Size,Calories,Sugars (g),Image,Dietary Fibre (g),Total Fat (g),Saturated Fat (g),Trans Fat (g),Cholesterol (mg),Sodium (mg),Total Carbohydrates (g),Protein (g),Caffeine (mg)
34,Cold Coffees,Cold Brews,Cold Brew Coffee,Tall,5,0,https://globalassets.starbucks.com/assets/83617bbfa2264197b745a1c2db04fa92.jpg,,,,,,,,,
34,Cold Coffees,Cold Brews,Cold Brew Coffee,Grande,5,0,https://globalassets.starbucks.com/assets/83617bbfa2264197b745a1c2db04fa92.jpg,,,,,,,,,
34,Cold Coffees,Cold Brews,Cold Brew Coffee,Venti,5,0,https://globalassets.starbucks.com/assets/83617bbfa2264197b745a1c2db04fa92.jpg,,,,,,,,,
34,Cold Coffees,Cold Brews,Cold Brew Coffee,Trenta,5,0,https://globalassets.starbucks.com/assets/83617bbfa2264197b745a1c2db04fa92.jpg,,,,,,,,,
,Cold Coffees,Cold Brews,Cold Brew Coffee with Milk,Tall,25,2,https://globalassets.starbucks.com/assets/de574746527d4960a7d838f271e3491c.jpg,,,,,,,,,
,Cold Coffees,Cold Brews,Cold Brew Coffee with Milk,Grande,35,3,https://globalassets.starbucks.com/assets/de574746527d4960a7d838f271e3491c.jpg,,,,,,,,,
,Cold Coffees,Cold Brews,Cold Brew Coffee with Milk,Venti,60,5,https://globalassets.starbucks.com/assets/de574746527d4960a7d838f271e3491c.jpg,,,,,,,,,
,Cold Coffees,Cold Brews,Cold Brew Coffee with Milk,Trenta,70,6,https://globalassets.starbucks.com/assets/de574746527d4960a7d838f271e3491c.jpg,,,,,,,,,
28,Cold Coffees,Cold Brews,Cold Brew with Salted Cream Cold Foam,Tall,160,17,https://globalassets.starbucks.com/assets/6ffca0a4b4ec4af98d07c4e860baca45.jpg,,,,,,,,,
28,Cold Coffees,Cold Brews,Cold Brew with Salted Cream Cold Foam,Grande,230,23,https://globalassets.starbucks.com/assets/6ffca0a4b4ec4af98d07c4e860baca45.jpg,,,,,,,,,
28,Cold Coffees,Cold Brews,Cold Brew with Salted Cream Cold Foam,Venti,280,30,https://globalassets.starbucks.com/assets/6ffca0a4b4ec4af98d07c4e860baca45.jpg,,,,,,,,,
28,Cold Coffees,Cold Brews,Cold Brew with Salted Cream Cold Foam,Trenta,340,36,https://globalassets.starbucks.com/assets/6ffca0a4b4ec4af98d07c4e860baca45.jpg,,,,,,,,,
,Cold Coffees,Cold Brews,Cold Brew with Salted Honey Cold Foam,Tall,30,5,https://globalassets.starbucks.com/assets/1f3d15ed2b534aaab4cbc8fbf2b8cccb.jpg,,,,,,,,,
,Cold Coffees,Cold Brews,Cold Brew with Salted Honey Cold Foam,Grande,40,7,https://globalassets.starbucks.com/assets/1f3d15ed2b534aaab4cbc8fbf2b8cccb.jpg,,,,,,,,,
,Cold Coffees,Cold Brews,Cold Brew with Salted Honey Cold Foam,Venti,40,7,https://globalassets.starbucks.com/assets/1f3d15ed2b534aaab4cbc8fbf2b8cccb.jpg,,,,,,,,,
,Cold Coffees,Cold Brews,Cold Brew with Salted Honey Cold Foam,Trenta,45,8,https://globalassets.starbucks.com/assets/1f3d15ed2b534aaab4cbc8fbf2b8cccb.jpg,,,,,,,,,
,Cold Coffees,Cold Brews,Nitro Cold Brew,Tall,5,0,https://globalassets.starbucks.com/assets/85ae42ce9eb5423d83c4410f7b561882.jpg,,,,,,,,,
,Cold Coffees,Cold Brews,Nitro Cold Brew,Grande,5,0,https://globalassets.starbucks.com/assets/85ae42ce9eb5423d83c4410f7b561882.jpg,,,,,,,,,
,Cold Coffees,Cold Brews,Nitro Cold Brew with Salted Cream Cold Foam,Tall,160,17,https://globalassets.starbucks.com/assets/1791fd99e33248be844d360c90429bcd.jpg,,,,,,,,,
,Cold Coffees,Cold Brews,Nitro Cold Brew with Salted Cream Cold Foam,Grande,230,23,https://globalassets.starbucks.com/assets/1791fd99e33248be844d360c90429bcd.jpg,,,,,,,,,
,Cold Coffees,Cold Brews,Nitro Cold Brew with Salted Honey Cold Foam,Tall,30,5,https://globalassets.starbucks.com/assets/1697f7c55887448684fed85ecdd98e44.jpg,,,,,,,,,
,Cold Coffees,Cold Brews,Nitro Cold Brew with Salted Honey Cold Foam,Grande,40,7,https://globalassets.starbucks.com/assets/1697f7c55887448684fed85ecdd98e44.jpg,,,,,,,,,
,Cold Coffees,Cold Brews,Nitro Cold Brew with Sweet Cream,Tall,70,4,https://globalassets.starbucks.com/assets/31d2824c896147fbaad4a1eac1ab1174.jpg,,,,,,,,,
,Cold Coffees,Cold Brews,Nitro Cold Brew with Sweet Cream,Grande,70,4,https://globalassets.starbucks.com/assets/31d2824c896147fbaad4a1eac1ab1174.jpg,,,,,,,,,
,Cold Coffees,Cold Brews,Reserve® Cold Brew,Tall,0,0,https://globalassets.starbucks.com/assets/65fc074f721f41afb23db6981c600ce7.jpg,,,,,,,,,
,Cold Coffees,Cold Brews,Reserve® Cold Brew,Grande,5,0,https://globalassets.starbucks.com/assets/65fc074f721f41afb23db6981c600ce7.jpg,,,,,,,,,
,Cold Coffees,Cold Brews,Reserve® Cold Brew,Venti,5,0,https://globalassets.starbucks.com/assets/65fc074f721f41afb23db6981c600ce7.jpg,,,,,,,,,
,Cold Coffees,Cold Brews,Reserve® Nitro Cold Brew,Tall,5,0,https://globalassets.starbucks.com/assets/55525cd1303a4b18958b05f0705b4cbb.jpg,,,,,,,,,
,Cold Coffees,Cold Brews,Reserve® Nitro Cold Brew,Grande,5,0,https://globalassets.starbucks.com/assets/55525cd1303a4b18958b05f0705b4cbb.jpg,,,,,,,,,
14,Cold Coffees,Cold Brews,Vanilla Sweet Cream Cold Brew,Tall,90,9,https://globalassets.starbucks.com/assets/3ee242d417904e7aa8f859fc1b07873c.jpg,,,,,,,,,
14,Cold Coffees,Cold Brews,Vanilla Sweet Cream Cold Brew,Grande,110,14,https://globalassets.starbucks.com/assets/3ee242d417904e7aa8f859fc1b07873c.jpg,,,,,,,,,
14,Cold Coffees,Cold Brews,Vanilla Sweet Cream Cold Brew,Venti,200,23,https://globalassets.starbucks.com/assets/3ee242d417904e7aa8f859fc1b07873c.jpg,,,,,,,,,
14,Cold Coffees,Cold Brews,Vanilla Sweet Cream Cold Brew,Trenta,210,26,https://globalassets.starbucks.com/assets/3ee242d417904e7aa8f859fc1b07873c.jpg,,,,,,,,,
,Cold Coffees,Iced Americano,Iced Blonde Caffè Americano,Tall,10,0,https://globalassets.starbucks.com/assets/84ede138768e42ebb2e0366c2f09960a.jpg,,,,,,,,,
,Cold Coffees,Iced Americano,Iced Blonde Caffè Americano,Grande,15,0,https://globalassets.starbucks.com/assets/84ede138768e42ebb2e0366c2f09960a.jpg,,,,,,,,,
,Cold Coffees,Iced Americano,Iced Blonde Caffè Americano,Venti,15,0,https://globalassets.starbucks.com/assets/84ede138768e42ebb2e0366c2f09960a.jpg,,,,,,,,,
,Cold Coffees,Iced Americano,Iced Caffè Americano,Tall,10,0,https://globalassets.starbucks.com/assets/84ede138768e42ebb2e0366c2f09960a.jpg,,,,,,,,,
,Cold Coffees,Iced Americano,Iced Caffè Americano,Grande,15,0,https://globalassets.starbucks.com/assets/84ede138768e42ebb2e0366c2f09960a.jpg,,,,,,,,,
,Cold Coffees,Iced Americano,Iced Caffè Americano,Venti,15,0,https://globalassets.starbucks.com/assets/84ede138768e42ebb2e0366c2f09960a.jpg,,,,,,,,,
,Cold Coffees,Iced Coffees,Iced Coffee,Tall,60,15,https://globalassets.starbucks.com/assets/2c626225a4804e5abd8e93e7fd59a0a2.jpg,,,,,,,,,
,Cold Coffees,Iced Coffees,Iced Coffee,Grande,80,20,https://globalassets.starbucks.com/assets/2c626225a4804e5abd8e93e7fd59a0a2.jpg,,,,,,,,,
,Cold Coffees,Iced Coffees,Iced Coffee,Venti,120,30,https://globalassets.starbucks.com/assets/2c626225a4804e5abd8e93e7fd59a0a2.jpg,,,,,,,,,
,Cold Coffees,Iced Coffees,Iced Coffee,Trenta,160,39,https://globalassets.starbucks.com/assets/2c626225a4804e5abd8e93e7fd59a0a2.jpg,,,,,,,,,
,Cold Coffees,Iced Coffees,Iced Coffee with Milk,Tall,80,17,https://globalassets.starbucks.com/assets/cc9b573f8c1b43cd89cdab08ae5b9ec7.jpg,,,,,,,,,
,Cold Coffees,Iced Coffees,Iced Coffee with Milk,Grande,110,23,https://globalassets.starbucks.com/assets/cc9b573f8c1b43cd89cdab08ae5b9ec7.jpg,,,,,,,,,
,Cold Coffees,Iced Coffees,Iced Coffee with Milk,Venti,170,35,https://globalassets.starbucks.com/assets/cc9b573f8c1b43cd89cdab08ae5b9ec7.jpg,,,,,,,,,
,Cold Coffees,Iced Coffees,Iced Coffee with Milk,Trenta,230,46,https://globalassets.starbucks.com/assets/cc9b573f8c1b43cd89cdab08ae5b9ec7.jpg,,,,,,,,,
,Cold Coffees,Iced Espresso Shots,Blonde Doubleshot® On Ice,Tall,,,https://globalassets.starbucks.com/assets/c8d2c8fa22ee4f4c864dee6dac5a1868.jpg,,,,,,,,,
,Cold Coffees,Iced Espresso Shots,Blonde Doubleshot® On Ice,Grande,,,https://globalassets.starbucks.com/assets/c8d2c8fa22ee4f4c864dee6dac5a1868.jpg,,,,,,,,,
,Cold Coffees,Iced Espresso Shots,Blonde Doubleshot® On Ice,Venti,,,https://globalassets.starbucks.com/assets/c8d2c8fa22ee4f4c864dee6dac5a1868.jpg,,,,,,,,,
,Cold Coffees,Iced Espresso Shots,Doubleshot® on Ice,Tall,80,13,https://globalassets.starbucks.com/assets/c8d2c8fa22ee4f4c864dee6dac5a1868.jpg,,,,,,,,,
,Cold Coffees,Iced Espresso Shots,Doubleshot® on Ice,Grande,100,18,https://globalassets.starbucks.com/assets/c8d2c8fa22ee4f4c864dee6dac5a1868.jpg,,,,,,,,,
,Cold Coffees,Iced Espresso Shots,Doubleshot® on Ice,Venti,170,29,https://globalassets.starbucks.com/assets/c8d2c8fa22ee4f4c864dee6dac5a1868.jpg,,,,,,,,,
,Cold Coffees,Iced Espresso Shots,Iced Espresso,Solo,5,0,https://globalassets.starbucks.com/assets/6a320073ec4b47e7bb9e6eb9e5e74e96.jpg,,,,,,,,,
,Cold Coffees,Iced Espresso Shots,Iced Espresso,Doppio,10,0,https://globalassets.starbucks.com/assets/6a320073ec4b47e7bb9e6eb9e5e74e96.jpg,,,,,,,,,
,Cold Coffees,Iced Espresso Shots,Iced Espresso,Triple,15,0,https://globalassets.starbucks.com/assets/6a320073ec4b47e7bb9e6eb9e5e74e96.jpg,,,,,,,,,
,Cold Coffees,Iced Espresso Shots,Iced Espresso,Quad,25,0,https://globalassets.starbucks.com/assets/6a320073ec4b47e7bb9e6eb9e5e74e96.jpg,,,,,,,,,
,Cold Coffees,Iced Flat Whites,Iced Almondmilk Honey Flat White,Tall,100,17,https://globalassets.starbucks.com/assets/278a67a4f04948748626b3e0a2582182.jpg,,,,,,,,,
,Cold Coffees,Iced Flat Whites,Iced Almondmilk Honey Flat White,Grande,140,22,https://globalassets.starbucks.com/assets/278a67a4f04948748626b3e0a2582182.jpg,,,,,,,,,
,Cold Coffees,Iced Flat Whites,Iced Almondmilk Honey Flat White,Venti,200,22,https://globalassets.starbucks.com/assets/278a67a4f04948748626b3e0a2582182.jpg,,,,,,,,,
,Cold Coffees,Iced Flat Whites,Iced Almondmilk Honey Flat White with Blonde Espresso,Tall,80,12,https://globalassets.starbucks.com/assets/278a67a4f04948748626b3e0a2582182.jpg,,,,,,,,,
,Cold Coffees,Iced Flat Whites,Iced Almondmilk Honey Flat White with Blonde Espresso,Grande,120,18,https://globalassets.starbucks.com/assets/278a67a4f04948748626b3e0a2582182.jpg,,,,,,,,,
,Cold Coffees,Iced Flat Whites,Iced Almondmilk Honey Flat White with Blonde Espresso,Venti,180,28,https://globalassets.starbucks.com/assets/278a67a4f04948748626b3e0a2582182.jpg,,,,,,,,,
,Cold Coffees,Iced Flat Whites,Iced Flat White,Tall,110,8,https://globalassets.starbucks.com/assets/ea360dd2ea0a4ab098fea38fc7e3752c.jpg,,,,,,,,,
,Cold Coffees,Iced Flat Whites,Iced Flat White,Grande,150,11,https://globalassets.starbucks.com/assets/ea360dd2ea0a4ab098fea38fc7e3752c.jpg,,,,,,,,,
,Cold Coffees,Iced Flat Whites,Iced Flat White,Venti,220,16,https://globalassets.starbucks.com/assets/ea360dd2ea0a4ab098fea38fc7e3752c.jpg,,,,,,,,,
,Cold Coffees,Iced Flat Whites,Nitro Flat White,Tall,180,14,data/image/nitro-flat-white.jpg,,,,,,,,,
,Cold Coffees,Iced Flat Whites,Nitro Flat White,Grande,230,17,data/image/nitro-flat-white.jpg,,,,,,,,,
,Cold Coffees,Iced Lattes,Iced Blonde Caffè Latte,Tall,100,9,https://globalassets.starbucks.com/assets/f9ad475efabb455887649f7dd453a90d.jpg,,,,,,,,,
,Cold Coffees,Iced Lattes,Iced Blonde Caffè Latte,Grande,130,11,https://globalassets.starbucks.com/assets/f9ad475efabb455887649f7dd453a90d.jpg,,,,,,,,,
,Cold Coffees,Iced Lattes,Iced Blonde Caffè Latte,Venti,180,15,https://globalassets.starbucks.com/assets/f9ad475efabb455887649f7dd453a90d.jpg,,,,,,,,,
,Cold Coffees,Iced Lattes,Iced Blonde Smoked Butterscotch Latte,Tall,180,21,https://globalassets.starbucks.com/assets/58fe0d40a6be4262bf6b210eab6cd814.jpg,,,,,,,,,
,Cold Coffees,Iced Lattes,Iced Blonde Smoked Butterscotch Latte,Grande,250,29,https://globalassets.starbucks.com/assets/58fe0d40a6be4262bf6b210eab6cd814.jpg,,,,,,,,,
,Cold Coffees,Iced Lattes,Iced Blonde Smoked Butterscotch Latte,Venti,380,45,https://globalassets.starbucks.com/assets/58fe0d40a6be4262bf6b210eab6cd814.jpg,,,,,,,,,
,Cold Coffees,Iced Lattes,Iced Blonde Vanilla Latte,Tall,130,18,https://globalassets.starbucks.com/assets/5cd1a64f00ed4f7ba5923cfa73a0e323.jpg,,,,,,,,,
,Cold Coffees,Iced Lattes,Iced Blonde Vanilla Latte,Grande,180,25,https://globalassets.starbucks.com/assets/5cd1a64f00ed4f7ba5923cfa73a0e323.jpg,,,,,,,,,
,Cold Coffees,Iced Lattes,Iced Blonde Vanilla Latte,Venti,260,39,https://globalassets.starbucks.com/assets/5cd1a64f00ed4f7ba5923cfa73a0e323.jpg,,,,,,,,,
,Cold Coffees,Iced Lattes,Iced Caffè Latte,Tall,100,9,https://globalassets.starbucks.com/assets/f9ad475efabb455887649f7dd453a90d.jpg,,,,,,,,,
,Cold Coffees,Iced Lattes,Iced Caffè Latte,Grande,130,11,https://globalassets.starbucks.com/assets/f9ad475efabb455887649f7dd453a90d.jpg,,,,,,,,,
,Cold Coffees,Iced Lattes,Iced Caffè Latte,Venti,180,15,https://globalassets.starbucks.com/assets/f9ad475efabb455887649f7dd453a90d.jpg,,,,,,,,,
,Cold Coffees,Iced Lattes,Iced Cinnamon Dolce Latte,Tall,240,28,https://globalassets.starbucks.com/assets/2a7651bc593044ba9043e90ddc20e3f1.jpg,,,,,,,,,
,Cold Coffees,Iced Lattes,Iced Cinnamon Dolce Latte,Grande,290,36,https://globalassets.starbucks.com/assets/2a7651bc593044ba9043e90ddc20e3f1.jpg,,,,,,,,,
,Cold Coffees,Iced Lattes,Iced Cinnamon Dolce Latte,Venti,420,52,https://globalassets.starbucks.com/assets/2a7651bc593044ba9043e90ddc20e3f1.jpg,,,,,,,,,
16,Cold Coffees,Iced Lattes,Iced Coconutmilk Latte,Tall,70,6,https://globalassets.starbucks.com/assets/85ed6da0c69e456cb0d28dae8dd42fa0.jpg,,,,,,,,,
16,Cold Coffees,Iced Lattes,Iced Coconutmilk Latte,Grande,90,8,https://globalassets.starbucks.com/assets/85ed6da0c69e456cb0d28dae8dd42fa0.jpg,,,,,,,,,
16,Cold Coffees,Iced Lattes,Iced Coconutmilk Latte,Venti,160,11,https://globalassets.starbucks.com/assets/85ed6da0c69e456cb0d28dae8dd42fa0.jpg,,,,,,,,,
,Cold Coffees,Iced Lattes,Iced Coconutmilk Latte with Blonde Espresso,Tall,70,6,https://globalassets.starbucks.com/assets/85ed6da0c69e456cb0d28dae8dd42fa0.jpg,,,,,,,,,
,Cold Coffees,Iced Lattes,Iced Coconutmilk Latte with Blonde Espresso,Grande,90,8,https://globalassets.starbucks.com/assets/85ed6da0c69e456cb0d28dae8dd42fa0.jpg,,,,,,,,,
,Cold Coffees,Iced Lattes,Iced Coconutmilk Latte with Blonde Espresso,Venti,130,11,https://globalassets.starbucks.com/assets/85ed6da0c69e456cb0d28dae8dd42fa0.jpg,,,,,,,,,
,Cold Coffees,Iced Lattes,Iced Oatmilk Honey Latte,Tall,160,19,https://globalassets.starbucks.com/assets/941fcbe6faed4a0f86804f10f650c572.jpg,,,,,,,,,
,Cold Coffees,Iced Lattes,Iced Oatmilk Honey Latte,Grande,210,25,https://globalassets.starbucks.com/assets/941fcbe6faed4a0f86804f10f650c572.jpg,,,,,,,,,
,Cold Coffees,Iced Lattes,Iced Oatmilk Honey Latte,Venti,300,37,https://globalassets.starbucks.com/assets/941fcbe6faed4a0f86804f10f650c572.jpg,,,,,,,,,
,Cold Coffees,Iced Lattes,Iced Oatmilk Honey Latte with Blonde Espresso,Tall,140,14,https://globalassets.starbucks.com/assets/941fcbe6faed4a0f86804f10f650c572.jpg,,,,,,,,,
,Cold Coffees,Iced Lattes,Iced Oatmilk Honey Latte with Blonde Espresso,Grande,190,21,https://globalassets.starbucks.com/assets/941fcbe6faed4a0f86804f10f650c572.jpg,,,,,,,,,
,Cold Coffees,Iced Lattes,Iced Oatmilk Honey Latte with Blonde Espresso,Venti,280,32,https://globalassets.starbucks.com/assets/941fcbe6faed4a0f86804f10f650c572.jpg,,,,,,,,,
,Cold Coffees,Iced Lattes,Iced Smoked Butterscotch Latte,Tall,220,27,https://globalassets.starbucks.com/assets/58fe0d40a6be4262bf6b210eab6cd814.jpg,,,,,,,,,
,Cold Coffees,Iced Lattes,Iced Smoked Butterscotch Latte,Grande,290,35,https://globalassets.starbucks.com/assets/58fe0d40a6be4262bf6b210eab6cd814.jpg,,,,,,,,,
,Cold Coffees,Iced Lattes,Iced Smoked Butterscotch Latte,Venti,420,51,https://globalassets.starbucks.com/assets/58fe0d40a6be4262bf6b210eab6cd814.jpg,,,,,,,,,
,Cold Coffees,Iced Lattes,Reserve® Iced Hazelnut Bianco Latte,Tall,210,20,https://globalassets.starbucks.com/assets/1266dd4687e943e0a54c9da9269e95e3.jpg,,,,,,,,,
,Cold Coffees,Iced Lattes,Reserve® Iced Hazelnut Bianco Latte,Grande,280,26,https://globalassets.starbucks.com/assets/1266dd4687e943e0a54c9da9269e95e3.jpg,,,,,,,,,
,Cold Coffees,Iced Lattes,Reserve® Iced Hazelnut Bianco Latte,Venti,390,37,https://globalassets.starbucks.com/assets/1266dd4687e943e0a54c9da9269e95e3.jpg,,,,,,,,,
,Cold Coffees,Iced Lattes,Reserve® Iced Latte,Tall,150,11,https://globalassets.starbucks.com/assets/607f5c86ac664a35a5b462acfbfe7891.jpg,,,,,,,,,
,Cold Coffees,Iced Lattes,Reserve® Iced Latte,Grande,210,16,https://globalassets.starbucks.com/assets/607f5c86ac664a35a5b462acfbfe7891.jpg,,,,,,,,,
,Cold Coffees,Iced Lattes,Reserve® Iced Latte,Venti,290,22,https://globalassets.starbucks.com/assets/607f5c86ac664a35a5b462acfbfe7891.jpg,,,,,,,,,
,Cold Coffees,Iced Macchiatos,Iced Blonde Caramel Cloud Macchiato,Tall,120,17,https://globalassets.starbucks.com/assets/9777c1c7847440f3aab15f4488529a61.jpg,,,,,,,,,
,Cold Coffees,Iced Macchiatos,Iced Blonde Caramel Cloud Macchiato,Grande,170,24,https://globalassets.starbucks.com/assets/9777c1c7847440f3aab15f4488529a61.jpg,,,,,,,,,
,Cold Coffees,Iced Macchiatos,Iced Blonde Caramel Cloud Macchiato,Venti,230,31,https://globalassets.starbucks.com/assets/9777c1c7847440f3aab15f4488529a61.jpg,,,,,,,,,
,Cold Coffees,Iced Macchiatos,Iced Blonde Cocoa Cloud Macchiato,Tall,130,18,https://globalassets.starbucks.com/assets/808f9ef590cb465ebfd24abc7f6c773e.jpg,,,,,,,,,
,Cold Coffees,Iced Macchiatos,Iced Blonde Cocoa Cloud Macchiato,Grande,180,25,https://globalassets.starbucks.com/assets/808f9ef590cb465ebfd24abc7f6c773e.jpg,,,,,,,,,
,Cold Coffees,Iced Macchiatos,Iced Blonde Cocoa Cloud Macchiato,Venti,240,32,https://globalassets.starbucks.com/assets/808f9ef590cb465ebfd24abc7f6c773e.jpg,,,,,,,,,
1,Cold Coffees,Iced Macchiatos,Iced Caramel Cloud Macchiato,Tall,120,17,https://globalassets.starbucks.com/assets/9777c1c7847440f3aab15f4488529a61.jpg,,,,,,,,,
1,Cold Coffees,Iced Macchiatos,Iced Caramel Cloud Macchiato,Grande,190,28,https://globalassets.starbucks.com/assets/9777c1c7847440f3aab15f4488529a61.jpg,,,,,,,,,
1,Cold Coffees,Iced Macchiatos,Iced Caramel Cloud Macchiato,Venti,240,35,https://globalassets.starbucks.com/assets/9777c1c7847440f3aab15f4488529a61.jpg,,,,,,,,,
,Cold Coffees,Iced Macchiatos,Iced Caramel Macchiato,Tall,180,24,https://globalassets.starbucks.com/assets/79bfec31ab7447f691b3c48f39cc7661.jpg,,,,,,,,,
,Cold Coffees,Iced Macchiatos,Iced Caramel Macchiato,Grande,250,34,https://globalassets.starbucks.com/assets/79bfec31ab7447f691b3c48f39cc7661.jpg,,,,,,,,,
,Cold Coffees,Iced Macchiatos,Iced Caramel Macchiato,Venti,350,49,https://globalassets.starbucks.com/assets/79bfec31ab7447f691b3c48f39cc7661.jpg,,,,,,,,,
,Cold Coffees,Iced Macchiatos,Iced Cocoa Cloud Macchiato,Tall,130,18,https://globalassets.starbucks.com/assets/808f9ef590cb465ebfd24abc7f6c773e.jpg,,,,,,,,,
,Cold Coffees,Iced Macchiatos,Iced Cocoa Cloud Macchiato,Grande,200,29,https://globalassets.starbucks.com/assets/808f9ef590cb465ebfd24abc7f6c773e.jpg,,,,,,,,,
,Cold Coffees,Iced Macchiatos,Iced Cocoa Cloud Macchiato,Venti,250,36,https://globalassets.starbucks.com/assets/808f9ef590cb465ebfd24abc7f6c773e.jpg,,,,,,,,,
,Cold Coffees,Iced Mochas,Iced Caffè Mocha,Tall,260,23,https://globalassets.starbucks.com/assets/7313a28bd5174ef5bd68f6c1d159797a.jpg,,,,,,,,,
,Cold Coffees,Iced Mochas,Iced Caffè Mocha,Grande,350,30,https://globalassets.starbucks.com/assets/7313a28bd5174ef5bd68f6c1d159797a.jpg,,,,,,,,,
,Cold Coffees,Iced Mochas,Iced Caffè Mocha,Venti,450,43,https://globalassets.starbucks.com/assets/7313a28bd5174ef5bd68f6c1d159797a.jpg,,,,,,,,,
,Cold Coffees,Iced Mochas,Iced White Chocolate Mocha,Tall,310,37,https://globalassets.starbucks.com/assets/2e2875445811469dac73223e31de6103.jpg,,,,,,,,,
,Cold Coffees,Iced Mochas,Iced White Chocolate Mocha,Grande,420,49,https://globalassets.starbucks.com/assets/2e2875445811469dac73223e31de6103.jpg,,,,,,,,,
,Cold Coffees,Iced Mochas,Iced White Chocolate Mocha,Venti,560,71,https://globalassets.starbucks.com/assets/2e2875445811469dac73223e31de6103.jpg,,,,,,,,,
,Cold Coffees,Iced Mochas,Reserve® Iced Dark Chocolate Mocha,Tall,210,22,https://globalassets.starbucks.com/assets/b583bccc3df243698937e2ad21d7be7b.jpg,,,,,,,,,
,Cold Coffees,Iced Mochas,Reserve® Iced Dark Chocolate Mocha,Grande,260,28,https://globalassets.starbucks.com/assets/b583bccc3df243698937e2ad21d7be7b.jpg,,,,,,,,,
,Cold Coffees,Iced Mochas,Reserve® Iced Dark Chocolate Mocha,Venti,380,41,https://globalassets.starbucks.com/assets/b583bccc3df243698937e2ad21d7be7b.jpg,,,,,,,,,
,Cold Drinks,Iced Coconutmilk Drinks,Iced Golden Ginger Drink,Tall,100,14,https://globalassets.starbucks.com/assets/074cca40fa854997b56f9801d6239baa.jpg,,,,,,,,,
,Cold Drinks,Iced Coconutmilk Drinks,Iced Golden Ginger Drink,Grande,140,19,https://globalassets.starbucks.com/assets/074cca40fa854997b56f9801d6239baa.jpg,,,,,,,,,
,Cold Drinks,Iced Coconutmilk Drinks,Iced Golden Ginger Drink,Venti,200,28,https://globalassets.starbucks.com/assets/074cca40fa854997b56f9801d6239baa.jpg,,,,,,,,,
,Cold Drinks,Iced Coconutmilk Drinks,Iced Pineapple Matcha Drink,Tall,130,19,https://globalassets.starbucks.com/assets/25fa38cc728040d2808c6e509b6d312e.jpg,,,,,,,,,
,Cold Drinks,Iced Coconutmilk Drinks,Iced Pineapple Matcha Drink,Grande,170,27,https://globalassets.starbucks.com/assets/25fa38cc728040d2808c6e509b6d312e.jpg,,,,,,,,,
,Cold Drinks,Iced Coconutmilk Drinks,Iced Pineapple Matcha Drink,Venti,250,38,https://globalassets.starbucks.com/assets/25fa38cc728040d2808c6e509b6d312e.jpg,,,,,,,,,
,Cold Drinks,Starbucks Refreshers™,Dragon Drink,Tall,100,18,https://globalassets.starbucks.com/assets/7fe2123728f844849ae4f9ea01473468.jpg,,,,,,,,,
,Cold Drinks,Starbucks Refreshers™,Dragon Drink,Grande,130,23,https://globalassets.starbucks.com/assets/7fe2123728f844849ae4f9ea01473468.jpg,,,,,,,,,
,Cold Drinks,Starbucks Refreshers™,Dragon Drink,Venti,190,33,https://globalassets.starbucks.com/assets/7fe2123728f844849ae4f9ea01473468.jpg,,,,,,,,,
,Cold Drinks,Starbucks Refreshers™,Dragon Drink,Trenta,270,45,https://globalassets.starbucks.com/assets/7fe2123728f844849ae4f9ea01473468.jpg,,,,,,,,,
,Cold Drinks,Starbucks Refreshers™,Mango Dragonfruit Lemonade Refreshers® ,Tall,110,23,https://globalassets.starbucks.com/assets/cde81286f5ac4009ba466d8cd9083eb6.jpg,,,,,,,,,
,Cold Drinks,Starbucks Refreshers™,Mango Dragonfruit Lemonade Refreshers® ,Grande,140,30,https://globalassets.starbucks.com/assets/cde81286f5ac4009ba466d8cd9083eb6.jpg,,,,,,,,,
,Cold Drinks,Starbucks Refreshers™,Mango Dragonfruit Lemonade Refreshers® ,Venti,200,44,https://globalassets.starbucks.com/assets/cde81286f5ac4009ba466d8cd9083eb6.jpg,,,,,,,,,
,Cold Drinks,Starbucks Refreshers™,Mango Dragonfruit Lemonade Refreshers® ,Trenta,280,60,https://globalassets.starbucks.com/assets/cde81286f5ac4009ba466d8cd9083eb6.jpg,,,,,,,,,
15,Cold Drinks,Starbucks Refreshers™,Mango Dragonfruit Refreshers®,Tall,70,15,https://globalassets.starbucks.com/assets/c4f8851c2cb04e3b89f6cea4acae55b2.jpg,,,,,,,,,
15,Cold Drinks,Starbucks Refreshers™,Mango Dragonfruit Refreshers®,Grande,90,19,https://globalassets.starbucks.com/assets/c4f8851c2cb04e3b89f6cea4acae55b2.jpg,,,,,,,,,
15,Cold Drinks,Starbucks Refreshers™,Mango Dragonfruit Refreshers®,Venti,130,27,https://globalassets.starbucks.com/assets/c4f8851c2cb04e3b89f6cea4acae55b2.jpg,,,,,,,,,
15,Cold Drinks,Starbucks Refreshers™,Mango Dragonfruit Refreshers®,Trenta,180,38,https://globalassets.starbucks.com/assets/c4f8851c2cb04e3b89f6cea4acae55b2.jpg,,,,,,,,,
36,Cold Drinks,Starbucks Refreshers™,Pink Drink,Tall,110,19,https://globalassets.starbucks.com/assets/3fee4c21a1cb4ad294e32c727aec0cdd.jpg,,,,,,,,,
36,Cold Drinks,Starbucks Refreshers™,Pink Drink,Grande,140,24,https://globalassets.starbucks.com/assets/3fee4c21a1cb4ad294e32c727aec0cdd.jpg,,,,,,,,,
36,Cold Drinks,Starbucks Refreshers™,Pink Drink,Venti,200,35,https://globalassets.starbucks.com/assets/3fee4c21a1cb4ad294e32c727aec0cdd.jpg,,,,,,,,,
36,Cold Drinks,Starbucks Refreshers™,Pink Drink,Trenta,270,48,https://globalassets.starbucks.com/assets/3fee4c21a1cb4ad294e32c727aec0cdd.jpg,,,,,,,,,
,Cold Drinks,Starbucks Refreshers™,Strawberry Açaí Lemonade Refreshers®,Tall,110,24,https://globalassets.starbucks.com/assets/68fa5aa7da804c09899b05172ea53dc1.jpg,,,,,,,,,
,Cold Drinks,Starbucks Refreshers™,Strawberry Açaí Lemonade Refreshers®,Grande,140,32,https://globalassets.starbucks.com/assets/68fa5aa7da804c09899b05172ea53dc1.jpg,,,,,,,,,
,Cold Drinks,Starbucks Refreshers™,Strawberry Açaí Lemonade Refreshers®,Venti,200,47,https://globalassets.starbucks.com/assets/68fa5aa7da804c09899b05172ea53dc1.jpg,,,,,,,,,
,Cold Drinks,Starbucks Refreshers™,Strawberry Açaí Lemonade Refreshers®,Trenta,280,63,https://globalassets.starbucks.com/assets/68fa5aa7da804c09899b05172ea53dc1.jpg,,,,,,,,,
37,Cold Drinks,Starbucks Refreshers™,Strawberry Açaí Refreshers®,Tall,80,16,https://globalassets.starbucks.com/assets/17827bf308ad464a9ef8bf4030ca9b72.jpg,1,0,0,0,0,10,18,0,35
37,Cold Drinks,Starbucks Refreshers™,Strawberry Açaí Refreshers®,Grande,90,20,https://globalassets.starbucks.com/assets/17827bf308ad464a9ef8bf4030ca9b72.jpg,1,0,0,0,0,15,23,0,45
37,Cold Drinks,Starbucks Refreshers™,Strawberry Açaí Refreshers®,Venti,130,30,https://globalassets.starbucks.com/assets/17827bf308ad464a9ef8bf4030ca9b72.jpg,1,0,0,0,0,20,33,0,70
37,Cold Drinks,Starbucks Refreshers™,Strawberry Açaí Refreshers®,Trenta,190,41,https://globalassets.starbucks.com/assets/17827bf308ad464a9ef8bf4030ca9b72.jpg,2,0,0,0,0,30,46,0,90
,Cold Drinks,Starbucks Refreshers™,Very Berry Hibiscus Lemonade Refreshers®,Tall,90,21,https://globalassets.starbucks.com/assets/dbef808ef015441c964090543c8ecb3d.jpg,,,,,,,,,
,Cold Drinks,Starbucks Refreshers™,Very Berry Hibiscus Lemonade Refreshers®,Grande,120,25,https://globalassets.starbucks.com/assets/dbef808ef015441c964090543c8ecb3d.jpg,,,,,,,,,
,Cold Drinks,Starbucks Refreshers™,Very Berry Hibiscus Lemonade Refreshers®,Venti,170,39,https://globalassets.starbucks.com/assets/dbef808ef015441c964090543c8ecb3d.jpg,,,,,,,,,
,Cold Drinks,Starbucks Refreshers™,Very Berry Hibiscus Lemonade Refreshers®,Trenta,240,53,https://globalassets.starbucks.com/assets/dbef808ef015441c964090543c8ecb3d.jpg,,,,,,,,,
,Cold Drinks,Starbucks Refreshers™,Very Berry Hibiscus Refreshers™,Tall,50,11,https://globalassets.starbucks.com/assets/03e0fa75324b4d00aeca3b2d865cb830.jpg,,,,,,,,,
,Cold Drinks,Starbucks Refreshers™,Very Berry Hibiscus Refreshers™,Grande,70,14,https://globalassets.starbucks.com/assets/03e0fa75324b4d00aeca3b2d865cb830.jpg,,,,,,,,,
,Cold Drinks,Starbucks Refreshers™,Very Berry Hibiscus Refreshers™,Venti,90,20,https://globalassets.starbucks.com/assets/03e0fa75324b4d00aeca3b2d865cb830.jpg,,,,,,,,,
,Cold Drinks,Starbucks Refreshers™,Very Berry Hibiscus Refreshers™,Trenta,130,28,https://globalassets.starbucks.com/assets/03e0fa75324b4d00aeca3b2d865cb830.jpg,,,,,,,,,
,Cold Drinks,Starbucks Refreshers™,Violet Drink,Tall,90,15,https://globalassets.starbucks.com/assets/cec54d35a8f84706b86c3a2ae839fa7e.jpg,,,,,,,,,
,Cold Drinks,Starbucks Refreshers™,Violet Drink,Grande,110,19,https://globalassets.starbucks.com/assets/cec54d35a8f84706b86c3a2ae839fa7e.jpg,,,,,,,,,
,Cold Drinks,Starbucks Refreshers™,Violet Drink,Venti,160,28,https://globalassets.starbucks.com/assets/cec54d35a8f84706b86c3a2ae839fa7e.jpg,,,,,,,,,
,Cold Drinks,Starbucks Refreshers™,Violet Drink,Trenta,230,39,https://globalassets.starbucks.com/assets/cec54d35a8f84706b86c3a2ae839fa7e.jpg,,,,,,,,,
,Frappuccino® Blended Beverages,Coffee Frappuccino®,Caffè Vanilla Frappuccino®,Tall,280,44,https://globalassets.starbucks.com/assets/ae37d46a04064cae93f307d1b122c8fe.jpg,,,,,,,,,
,Frappuccino® Blended Beverages,Coffee Frappuccino®,Caffè Vanilla Frappuccino®,Grande,400,64,https://globalassets.starbucks.com/assets/ae37d46a04064cae93f307d1b122c8fe.jpg,,,,,,,,,
,Frappuccino® Blended Beverages,Coffee Frappuccino®,Caffè Vanilla Frappuccino®,Venti,510,84,https://globalassets.starbucks.com/assets/ae37d46a04064cae93f307d1b122c8fe.jpg,,,,,,,,,
30,Frappuccino® Blended Beverages,Coffee Frappuccino®,Caramel Frappuccino®,Tall,260,38,https://globalassets.starbucks.com/assets/6ab7d70c4fff435faf090a2f1a6f30d5.jpg,,,,,,,,,
30,Frappuccino® Blended Beverages,Coffee Frappuccino®,Caramel Frappuccino®,Grande,370,55,https://globalassets.starbucks.com/assets/6ab7d70c4fff435faf090a2f1a6f30d5.jpg,,,,,,,,,
30,Frappuccino® Blended Beverages,Coffee Frappuccino®,Caramel Frappuccino®,Venti,470,73,https://globalassets.starbucks.com/assets/6ab7d70c4fff435faf090a2f1a6f30d5.jpg,,,,,,,,,
7,Frappuccino® Blended Beverages,Coffee Frappuccino®,Caramel Ribbon Crunch Frappuccino®,Tall,330,43,https://globalassets.starbucks.com/assets/bdc7fcf962884211ab83918d34f73393.jpg,,,,,,,,,
7,Frappuccino® Blended Beverages,Coffee Frappuccino®,Caramel Ribbon Crunch Frappuccino®,Grande,470,62,https://globalassets.starbucks.com/assets/bdc7fcf962884211ab83918d34f73393.jpg,,,,,,,,,
7,Frappuccino® Blended Beverages,Coffee Frappuccino®,Caramel Ribbon Crunch Frappuccino®,Venti,570,80,https://globalassets.starbucks.com/assets/bdc7fcf962884211ab83918d34f73393.jpg,,,,,,,,,
,Frappuccino® Blended Beverages,Coffee Frappuccino®,Coffee Frappuccino®,Tall,160,31,https://globalassets.starbucks.com/assets/2cf55066b3ec4547b452aebffe0870cf.jpg,,,,,,,,,
,Frappuccino® Blended Beverages,Coffee Frappuccino®,Coffee Frappuccino®,Grande,230,45,https://globalassets.starbucks.com/assets/2cf55066b3ec4547b452aebffe0870cf.jpg,,,,,,,,,
,Frappuccino® Blended Beverages,Coffee Frappuccino®,Coffee Frappuccino®,Venti,300,59,https://globalassets.starbucks.com/assets/2cf55066b3ec4547b452aebffe0870cf.jpg,,,,,,,,,
,Frappuccino® Blended Beverages,Coffee Frappuccino®,Espresso Frappuccino®,Tall,140,28,https://globalassets.starbucks.com/assets/e40fe41b68ec42c0a06af692cc4b1c12.jpg,,,,,,,,,
,Frappuccino® Blended Beverages,Coffee Frappuccino®,Espresso Frappuccino®,Grande,210,42,https://globalassets.starbucks.com/assets/e40fe41b68ec42c0a06af692cc4b1c12.jpg,,,,,,,,,
,Frappuccino® Blended Beverages,Coffee Frappuccino®,Espresso Frappuccino®,Venti,290,56,https://globalassets.starbucks.com/assets/e40fe41b68ec42c0a06af692cc4b1c12.jpg,,,,,,,,,
,Frappuccino® Blended Beverages,Coffee Frappuccino®,Java Chip Frappuccino®,Tall,320,43,https://globalassets.starbucks.com/assets/87ab7a1c8b7b492cbc1d5c5d44e1007b.jpg,,,,,,,,,
,Frappuccino® Blended Beverages,Coffee Frappuccino®,Java Chip Frappuccino®,Grande,440,60,https://globalassets.starbucks.com/assets/87ab7a1c8b7b492cbc1d5c5d44e1007b.jpg,,,,,,,,,
,Frappuccino® Blended Beverages,Coffee Frappuccino®,Java Chip Frappuccino®,Venti,560,80,https://globalassets.starbucks.com/assets/87ab7a1c8b7b492cbc1d5c5d44e1007b.jpg,,,,,,,,,
31,Frappuccino® Blended Beverages,Coffee Frappuccino®,Mocha Cookie Crumble Frappuccino®,Tall,340,41,https://globalassets.starbucks.com/assets/e4d9e996eb64453eb3ac7adb570c9b7b.jpg,,,,,,,,,
31,Frappuccino® Blended Beverages,Coffee Frappuccino®,Mocha Cookie Crumble Frappuccino®,Grande,470,57,https://globalassets.starbucks.com/assets/e4d9e996eb64453eb3ac7adb570c9b7b.jpg,,,,,,,,,
31,Frappuccino® Blended Beverages,Coffee Frappuccino®,Mocha Cookie Crumble Frappuccino®,Venti,590,76,https://globalassets.starbucks.com/assets/e4d9e996eb64453eb3ac7adb570c9b7b.jpg,,,,,,,,,
3,Frappuccino® Blended Beverages,Coffee Frappuccino®,Mocha Frappuccino®,Tall,240,35,https://globalassets.starbucks.com/assets/fd4d97f22e8f476b874352258a3f0672.jpg,,,,,,,,,
3,Frappuccino® Blended Beverages,Coffee Frappuccino®,Mocha Frappuccino®,Grande,370,52,https://globalassets.starbucks.com/assets/fd4d97f22e8f476b874352258a3f0672.jpg,,,,,,,,,
3,Frappuccino® Blended Beverages,Coffee Frappuccino®,Mocha Frappuccino®,Venti,460,69,https://globalassets.starbucks.com/assets/fd4d97f22e8f476b874352258a3f0672.jpg,,,,,,,,,
6,Frappuccino® Blended Beverages,Coffee Frappuccino®,Smoked Butterscotch Frappuccino®,Tall,290,40,https://globalassets.starbucks.com/assets/ec23fe863389403f81e6776528cfdcf3.jpg,,,,,,,,,
6,Frappuccino® Blended Beverages,Coffee Frappuccino®,Smoked Butterscotch Frappuccino®,Grande,420,59,https://globalassets.starbucks.com/assets/ec23fe863389403f81e6776528cfdcf3.jpg,,,,,,,,,
6,Frappuccino® Blended Beverages,Coffee Frappuccino®,Smoked Butterscotch Frappuccino®,Venti,510,75,https://globalassets.starbucks.com/assets/ec23fe863389403f81e6776528cfdcf3.jpg,,,,,,,,,
,Frappuccino® Blended Beverages,Coffee Frappuccino®,White Chocolate Mocha Frappuccino®,Tall,280,40,https://globalassets.starbucks.com/assets/850f847876454a22861e4070170bdb0c.jpg,,,,,,,,,
,Frappuccino® Blended Beverages,Coffee Frappuccino®,White Chocolate Mocha Frappuccino®,Grande,410,62,https://globalassets.starbucks.com/assets/850f847876454a22861e4070170bdb0c.jpg,,,,,,,,,
,Frappuccino® Blended Beverages,Coffee Frappuccino®,White Chocolate Mocha Frappuccino®,Venti,500,77,https://globalassets.starbucks.com/assets/850f847876454a22861e4070170bdb0c.jpg,,,,,,,,,
,Frappuccino® Blended Beverages,Creme Frappuccino®,Caramel Ribbon Crunch Crème Frappuccino®,Tall,300,34,https://globalassets.starbucks.com/assets/8877d28f79c04a69ac553c5751e8aa10.jpg,,,,,,,,,
,Frappuccino® Blended Beverages,Creme Frappuccino®,Caramel Ribbon Crunch Crème Frappuccino®,Grande,420,48,https://globalassets.starbucks.com/assets/8877d28f79c04a69ac553c5751e8aa10.jpg,,,,,,,,,
,Frappuccino® Blended Beverages,Creme Frappuccino®,Caramel Ribbon Crunch Crème Frappuccino®,Venti,500,61,https://globalassets.starbucks.com/assets/8877d28f79c04a69ac553c5751e8aa10.jpg,,,,,,,,,
,Frappuccino® Blended Beverages,Creme Frappuccino®,Chai Crème Frappuccino®,Tall,230,30,https://globalassets.starbucks.com/assets/d06af309198949d8be7def2fcdcb8e1b.jpg,,,,,,,,,
,Frappuccino® Blended Beverages,Creme Frappuccino®,Chai Crème Frappuccino®,Grande,340,46,https://globalassets.starbucks.com/assets/d06af309198949d8be7def2fcdcb8e1b.jpg,,,,,,,,,
,Frappuccino® Blended Beverages,Creme Frappuccino®,Chai Crème Frappuccino®,Venti,410,58,https://globalassets.starbucks.com/assets/d06af309198949d8be7def2fcdcb8e1b.jpg,,,,,,,,,
,Frappuccino® Blended Beverages,Creme Frappuccino®,Chocolate Cookie Crumble Crème Frappuccino®,Tall,330,34,https://globalassets.starbucks.com/assets/c29e262ae2d6458a976d03733a047b44.jpg,,,,,,,,,
,Frappuccino® Blended Beverages,Creme Frappuccino®,Chocolate Cookie Crumble Crème Frappuccino®,Grande,450,48,https://globalassets.starbucks.com/assets/c29e262ae2d6458a976d03733a047b44.jpg,,,,,,,,,
,Frappuccino® Blended Beverages,Creme Frappuccino®,Chocolate Cookie Crumble Crème Frappuccino®,Venti,550,63,https://globalassets.starbucks.com/assets/c29e262ae2d6458a976d03733a047b44.jpg,,,,,,,,,
,Frappuccino® Blended Beverages,Creme Frappuccino®,Double Chocolaty Chip Crème Frappuccino®,Tall,290,22,https://globalassets.starbucks.com/assets/41daf68bcbf84ee68b7d23e0b820127f.jpg,,,,,,,,,
,Frappuccino® Blended Beverages,Creme Frappuccino®,Double Chocolaty Chip Crème Frappuccino®,Grande,400,48,https://globalassets.starbucks.com/assets/41daf68bcbf84ee68b7d23e0b820127f.jpg,,,,,,,,,
,Frappuccino® Blended Beverages,Creme Frappuccino®,Double Chocolaty Chip Crème Frappuccino®,Venti,510,63,https://globalassets.starbucks.com/assets/41daf68bcbf84ee68b7d23e0b820127f.jpg,,,,,,,,,
,Frappuccino® Blended Beverages,Creme Frappuccino®,Matcha Green Tea Crème Frappuccino®,Tall,300,44,https://globalassets.starbucks.com/assets/4de2afd14f3343b6a140c904e1b4a63a.jpg,,,,,,,,,
,Frappuccino® Blended Beverages,Creme Frappuccino®,Matcha Green Tea Crème Frappuccino®,Grande,410,62,https://globalassets.starbucks.com/assets/4de2afd14f3343b6a140c904e1b4a63a.jpg,,,,,,,,,
,Frappuccino® Blended Beverages,Creme Frappuccino®,Matcha Green Tea Crème Frappuccino®,Venti,520,80,https://globalassets.starbucks.com/assets/4de2afd14f3343b6a140c904e1b4a63a.jpg,,,,,,,,,
,Frappuccino® Blended Beverages,Creme Frappuccino®,Smoked Butterscotch Crème Frappuccino®,Tall,250,30,https://globalassets.starbucks.com/assets/359a836c0e13467984667d32750eef57.jpg,,,,,,,,,
,Frappuccino® Blended Beverages,Creme Frappuccino®,Smoked Butterscotch Crème Frappuccino®,Grande,380,46,https://globalassets.starbucks.com/assets/359a836c0e13467984667d32750eef57.jpg,,,,,,,,,
,Frappuccino® Blended Beverages,Creme Frappuccino®,Smoked Butterscotch Crème Frappuccino®,Venti,450,57,https://globalassets.starbucks.com/assets/359a836c0e13467984667d32750eef57.jpg,,,,,,,,,
35,Frappuccino® Blended Beverages,Creme Frappuccino®,Strawberry Frappuccino®,Tall,250,33,https://globalassets.starbucks.com/assets/d878ff7923b54881a4076de8a0269546.jpg,,,,,,,,,
35,Frappuccino® Blended Beverages,Creme Frappuccino®,Strawberry Frappuccino®,Grande,370,52,https://globalassets.starbucks.com/assets/d878ff7923b54881a4076de8a0269546.jpg,,,,,,,,,
35,Frappuccino® Blended Beverages,Creme Frappuccino®,Strawberry Frappuccino®,Venti,460,66,https://globalassets.starbucks.com/assets/d878ff7923b54881a4076de8a0269546.jpg,,,,,,,,,
18,Frappuccino® Blended Beverages,Creme Frappuccino®,Vanilla Bean Crème Frappuccino®,Tall,260,35,https://globalassets.starbucks.com/assets/b68fa7003557464a8abfaf3e04e2704b.jpg,,,,,,,,,
18,Frappuccino® Blended Beverages,Creme Frappuccino®,Vanilla Bean Crème Frappuccino®,Grande,370,53,https://globalassets.starbucks.com/assets/b68fa7003557464a8abfaf3e04e2704b.jpg,,,,,,,,,
18,Frappuccino® Blended Beverages,Creme Frappuccino®,Vanilla Bean Crème Frappuccino®,Venti,460,69,https://globalassets.starbucks.com/assets/b68fa7003557464a8abfaf3e04e2704b.jpg,,,,,,,,,
,Frappuccino® Blended Beverages,Creme Frappuccino®,White Chocolate Crème Frappuccino®,Tall,250,32,https://globalassets.starbucks.com/assets/b29b977606704ff9a0238600231faf9c.jpg,,,,,,,,,
,Frappuccino® Blended Beverages,Creme Frappuccino®,White Chocolate Crème Frappuccino®,Grande,380,50,https://globalassets.starbucks.com/assets/b29b977606704ff9a0238600231faf9c.jpg,,,,,,,,,
,Frappuccino® Blended Beverages,Creme Frappuccino®,White Chocolate Crème Frappuccino®,Venti,450,61,https://globalassets.starbucks.com/assets/b29b977606704ff9a0238600231faf9c.jpg,,,,,,,,,
,Hot Coffees,Americanos,Blonde Caffè Americano,Short,5,0,https://globalassets.starbucks.com/assets/ae11e1ff43824e95982e7300f35f44c3.jpg,,,,,,,,,
,Hot Coffees,Americanos,Blonde Caffè Americano,Tall,10,0,https://globalassets.starbucks.com/assets/ae11e1ff43824e95982e7300f35f44c3.jpg,,,,,,,,,
,Hot Coffees,Americanos,Blonde Caffè Americano,Grande,15,0,https://globalassets.starbucks.com/assets/ae11e1ff43824e95982e7300f35f44c3.jpg,,,,,,,,,
,Hot Coffees,Americanos,Blonde Caffè Americano,Venti,15,0,https://globalassets.starbucks.com/assets/ae11e1ff43824e95982e7300f35f44c3.jpg,,,,,,,,,
20,Hot Coffees,Americanos,Caffè Americano,Short,5,0,https://globalassets.starbucks.com/assets/f12bc8af498d45ed92c5d6f1dac64062.jpg,,,,,,,,,
20,Hot Coffees,Americanos,Caffè Americano,Tall,10,0,https://globalassets.starbucks.com/assets/f12bc8af498d45ed92c5d6f1dac64062.jpg,,,,,,,,,
20,Hot Coffees,Americanos,Caffè Americano,Grande,15,0,https://globalassets.starbucks.com/assets/f12bc8af498d45ed92c5d6f1dac64062.jpg,,,,,,,,,
20,Hot Coffees,Americanos,Caffè Americano,Venti,15,0,https://globalassets.starbucks.com/assets/f12bc8af498d45ed92c5d6f1dac64062.jpg,,,,,,,,,
22,Hot Coffees,Brewed Coffees,Blonde Roast,Short,5,0,https://globalassets.starbucks.com/assets/abb4f97948c948c28ea2dcaf933c4f6b.jpg,,,,,,,,,
22,Hot Coffees,Brewed Coffees,Blonde Roast,Tall,5,0,https://globalassets.starbucks.com/assets/abb4f97948c948c28ea2dcaf933c4f6b.jpg,,,,,,,,,
22,Hot Coffees,Brewed Coffees,Blonde Roast,Grande,5,0,https://globalassets.starbucks.com/assets/abb4f97948c948c28ea2dcaf933c4f6b.jpg,,,,,,,,,
22,Hot Coffees,Brewed Coffees,Blonde Roast,Venti,5,0,https://globalassets.starbucks.com/assets/abb4f97948c948c28ea2dcaf933c4f6b.jpg,,,,,,,,,
,Hot Coffees,Brewed Coffees,Caffè Misto,Short,50,5,https://globalassets.starbucks.com/assets/d668acbc691b47249548a3eeac449916.jpg,,,,,,,,,
,Hot Coffees,Brewed Coffees,Caffè Misto,Tall,80,8,https://globalassets.starbucks.com/assets/d668acbc691b47249548a3eeac449916.jpg,,,,,,,,,
,Hot Coffees,Brewed Coffees,Caffè Misto,Grande,110,10,https://globalassets.starbucks.com/assets/d668acbc691b47249548a3eeac449916.jpg,,,,,,,,,
,Hot Coffees,Brewed Coffees,Caffè Misto,Venti,130,13,https://globalassets.starbucks.com/assets/d668acbc691b47249548a3eeac449916.jpg,,,,,,,,,
,Hot Coffees,Brewed Coffees,Decaf Pike Place® Roast,Short,5,0,https://globalassets.starbucks.com/assets/51bf549cd8e9434da941fec33b820d39.jpg,,,,,,,,,
,Hot Coffees,Brewed Coffees,Decaf Pike Place® Roast,Tall,5,0,https://globalassets.starbucks.com/assets/51bf549cd8e9434da941fec33b820d39.jpg,,,,,,,,,
,Hot Coffees,Brewed Coffees,Decaf Pike Place® Roast,Grande,5,0,https://globalassets.starbucks.com/assets/51bf549cd8e9434da941fec33b820d39.jpg,,,,,,,,,
,Hot Coffees,Brewed Coffees,Decaf Pike Place® Roast,Venti,5,0,https://globalassets.starbucks.com/assets/51bf549cd8e9434da941fec33b820d39.jpg,,,,,,,,,
23,Hot Coffees,Brewed Coffees,Featured Dark Roast Coffee,Short,5,0,https://globalassets.starbucks.com/assets/0279f9c5fa5941d2a65dd183d7a0b386.jpg,,,,,,,,,
23,Hot Coffees,Brewed Coffees,Featured Dark Roast Coffee,Tall,5,0,https://globalassets.starbucks.com/assets/0279f9c5fa5941d2a65dd183d7a0b386.jpg,,,,,,,,,
23,Hot Coffees,Brewed Coffees,Featured Dark Roast Coffee,Grande,5,0,https://globalassets.starbucks.com/assets/0279f9c5fa5941d2a65dd183d7a0b386.jpg,,,,,,,,,
23,Hot Coffees,Brewed Coffees,Featured Dark Roast Coffee,Venti,5,0,https://globalassets.starbucks.com/assets/0279f9c5fa5941d2a65dd183d7a0b386.jpg,,,,,,,,,
21,Hot Coffees,Brewed Coffees,Pike Place® Roast,Short,5,0,https://globalassets.starbucks.com/assets/bffaf0f27e124801abcabe09f05b0fb2.jpg,,,,,,,,,
21,Hot Coffees,Brewed Coffees,Pike Place® Roast,Tall,5,0,https://globalassets.starbucks.com/assets/bffaf0f27e124801abcabe09f05b0fb2.jpg,,,,,,,,,
21,Hot Coffees,Brewed Coffees,Pike Place® Roast,Grande,5,0,https://globalassets.starbucks.com/assets/bffaf0f27e124801abcabe09f05b0fb2.jpg,,,,,,,,,
21,Hot Coffees,Brewed Coffees,Pike Place® Roast,Venti,5,0,https://globalassets.starbucks.com/assets/bffaf0f27e124801abcabe09f05b0fb2.jpg,,,,,,,,,
,Hot Coffees,Cappuccinos,Blonde Cappuccino,Short,80,7,https://globalassets.starbucks.com/assets/5c515339667943ce84dc56effdf5fc1b.jpg,,,,,,,,,
,Hot Coffees,Cappuccinos,Blonde Cappuccino,Tall,90,8,https://globalassets.starbucks.com/assets/5c515339667943ce84dc56effdf5fc1b.jpg,,,,,,,,,
,Hot Coffees,Cappuccinos,Blonde Cappuccino,Grande,120,10,https://globalassets.starbucks.com/assets/5c515339667943ce84dc56effdf5fc1b.jpg,,,,,,,,,
,Hot Coffees,Cappuccinos,Blonde Cappuccino,Venti,150,14,https://globalassets.starbucks.com/assets/5c515339667943ce84dc56effdf5fc1b.jpg,,,,,,,,,
26,Hot Coffees,Cappuccinos,Cappuccino,Short,80,7,https://globalassets.starbucks.com/assets/5c515339667943ce84dc56effdf5fc1b.jpg,,,,,,,,,
26,Hot Coffees,Cappuccinos,Cappuccino,Tall,90,8,https://globalassets.starbucks.com/assets/5c515339667943ce84dc56effdf5fc1b.jpg,,,,,,,,,
26,Hot Coffees,Cappuccinos,Cappuccino,Grande,120,10,https://globalassets.starbucks.com/assets/5c515339667943ce84dc56effdf5fc1b.jpg,,,,,,,,,
26,Hot Coffees,Cappuccinos,Cappuccino,Venti,150,14,https://globalassets.starbucks.com/assets/5c515339667943ce84dc56effdf5fc1b.jpg,,,,,,,,,
,Hot Coffees,Espresso Shots,Espresso,Solo,5,0,https://globalassets.starbucks.com/assets/ec519dd5642c41629194192cce582135.jpg,,,,,,,,,
,Hot Coffees,Espresso Shots,Espresso,Doppio,10,0,https://globalassets.starbucks.com/assets/ec519dd5642c41629194192cce582135.jpg,,,,,,,,,
,Hot Coffees,Espresso Shots,Espresso,Triple,15,0,https://globalassets.starbucks.com/assets/ec519dd5642c41629194192cce582135.jpg,,,,,,,,,
,Hot Coffees,Espresso Shots,Espresso,Quad,20,0,https://globalassets.starbucks.com/assets/ec519dd5642c41629194192cce582135.jpg,,,,,,,,,
,Hot Coffees,Espresso Shots,Espresso con Panna,Solo,30,1,https://globalassets.starbucks.com/assets/e9330b18ae524e69bdcbe97460d6f5bb.jpg,,,,,,,,,
,Hot Coffees,Espresso Shots,Espresso con Panna,Doppio,35,1,https://globalassets.starbucks.com/assets/e9330b18ae524e69bdcbe97460d6f5bb.jpg,,,,,,,,,
,Hot Coffees,Espresso Shots,Espresso con Panna,Triple,40,1,https://globalassets.starbucks.com/assets/e9330b18ae524e69bdcbe97460d6f5bb.jpg,,,,,,,,,
,Hot Coffees,Espresso Shots,Espresso con Panna,Quad,55,1,https://globalassets.starbucks.com/assets/e9330b18ae524e69bdcbe97460d6f5bb.jpg,,,,,,,,,
25,Hot Coffees,Flat Whites,Almondmilk Honey Flat White,Short,80,12,https://globalassets.starbucks.com/assets/77801559b72b469583f4d484adc1bfa7.jpg,,,,,,,,,
25,Hot Coffees,Flat Whites,Almondmilk Honey Flat White,Tall,120,18,https://globalassets.starbucks.com/assets/77801559b72b469583f4d484adc1bfa7.jpg,,,,,,,,,
25,Hot Coffees,Flat Whites,Almondmilk Honey Flat White,Grande,170,24,https://globalassets.starbucks.com/assets/77801559b72b469583f4d484adc1bfa7.jpg,,,,,,,,,
25,Hot Coffees,Flat Whites,Almondmilk Honey Flat White,Venti,210,31,https://globalassets.starbucks.com/assets/77801559b72b469583f4d484adc1bfa7.jpg,,,,,,,,,
,Hot Coffees,Flat Whites,Almondmilk Honey Flat White with Blonde Espresso,Short,60,7,https://globalassets.starbucks.com/assets/77801559b72b469583f4d484adc1bfa7.jpg,,,,,,,,,
,Hot Coffees,Flat Whites,Almondmilk Honey Flat White with Blonde Espresso,Tall,110,14,https://globalassets.starbucks.com/assets/77801559b72b469583f4d484adc1bfa7.jpg,,,,,,,,,
,Hot Coffees,Flat Whites,Almondmilk Honey Flat White with Blonde Espresso,Grande,150,20,https://globalassets.starbucks.com/assets/77801559b72b469583f4d484adc1bfa7.jpg,,,,,,,,,
,Hot Coffees,Flat Whites,Almondmilk Honey Flat White with Blonde Espresso,Venti,190,26,https://globalassets.starbucks.com/assets/77801559b72b469583f4d484adc1bfa7.jpg,,,,,,,,,
,Hot Coffees,Flat Whites,Blonde Flat White,Short,110,8,https://globalassets.starbucks.com/assets/fedee22e49724cd09fbcc7ee2e567377.jpg,,,,,,,,,
,Hot Coffees,Flat Whites,Blonde Flat White,Tall,170,13,https://globalassets.starbucks.com/assets/fedee22e49724cd09fbcc7ee2e567377.jpg,,,,,,,,,
,Hot Coffees,Flat Whites,Blonde Flat White,Grande,220,17,https://globalassets.starbucks.com/assets/fedee22e49724cd09fbcc7ee2e567377.jpg,,,,,,,,,
,Hot Coffees,Flat Whites,Blonde Flat White,Venti,290,22,https://globalassets.starbucks.com/assets/fedee22e49724cd09fbcc7ee2e567377.jpg,,,,,,,,,
17,Hot Coffees,Flat Whites,Flat White,Short,110,8,https://globalassets.starbucks.com/assets/9eb90cb6981d42f5859376c4be666060.jpg,,,,,,,,,
17,Hot Coffees,Flat Whites,Flat White,Tall,170,13,https://globalassets.starbucks.com/assets/9eb90cb6981d42f5859376c4be666060.jpg,,,,,,,,,
17,Hot Coffees,Flat Whites,Flat White,Grande,220,17,https://globalassets.starbucks.com/assets/9eb90cb6981d42f5859376c4be666060.jpg,,,,,,,,,
17,Hot Coffees,Flat Whites,Flat White,Venti,290,22,https://globalassets.starbucks.com/assets/9eb90cb6981d42f5859376c4be666060.jpg,,,,,,,,,
,Hot Coffees,Lattes,Blonde Caffè Latte,Short,100,9,https://globalassets.starbucks.com/assets/b635f407bbcd49e7b8dd9119ce33f76e.jpg,,,,,,,,,
,Hot Coffees,Lattes,Blonde Caffè Latte,Tall,150,14,https://globalassets.starbucks.com/assets/b635f407bbcd49e7b8dd9119ce33f76e.jpg,,,,,,,,,
,Hot Coffees,Lattes,Blonde Caffè Latte,Grande,190,18,https://globalassets.starbucks.com/assets/b635f407bbcd49e7b8dd9119ce33f76e.jpg,,,,,,,,,
,Hot Coffees,Lattes,Blonde Caffè Latte,Venti,250,23,https://globalassets.starbucks.com/assets/b635f407bbcd49e7b8dd9119ce33f76e.jpg,,,,,,,,,
,Hot Coffees,Lattes,Blonde Smoked Butterscotch Latte,Short,140,15,https://globalassets.starbucks.com/assets/eea44e2041234b9cbaaff6607bea1d23.jpg,,,,,,,,,
,Hot Coffees,Lattes,Blonde Smoked Butterscotch Latte,Tall,230,26,https://globalassets.starbucks.com/assets/eea44e2041234b9cbaaff6607bea1d23.jpg,,,,,,,,,
,Hot Coffees,Lattes,Blonde Smoked Butterscotch Latte,Grande,310,35,https://globalassets.starbucks.com/assets/eea44e2041234b9cbaaff6607bea1d23.jpg,,,,,,,,,
,Hot Coffees,Lattes,Blonde Smoked Butterscotch Latte,Venti,410,46,https://globalassets.starbucks.com/assets/eea44e2041234b9cbaaff6607bea1d23.jpg,,,,,,,,,
,Hot Coffees,Lattes,Blonde Vanilla Latte,Tall,80,23,https://globalassets.starbucks.com/assets/b635f407bbcd49e7b8dd9119ce33f76e.jpg,,,,,,,,,
,Hot Coffees,Lattes,Blonde Vanilla Latte,Short,110,13,https://globalassets.starbucks.com/assets/b635f407bbcd49e7b8dd9119ce33f76e.jpg,,,,,,,,,
,Hot Coffees,Lattes,Blonde Vanilla Latte,Grande,240,31,https://globalassets.starbucks.com/assets/b635f407bbcd49e7b8dd9119ce33f76e.jpg,,,,,,,,,
,Hot Coffees,Lattes,Blonde Vanilla Latte,Venti,310,41,https://globalassets.starbucks.com/assets/b635f407bbcd49e7b8dd9119ce33f76e.jpg,,,,,,,,,
5,Hot Coffees,Lattes,Caffè Latte,Short,100,9,https://globalassets.starbucks.com/assets/b635f407bbcd49e7b8dd9119ce33f76e.jpg,,,,,,,,,
5,Hot Coffees,Lattes,Caffè Latte,Tall,150,14,https://globalassets.starbucks.com/assets/b635f407bbcd49e7b8dd9119ce33f76e.jpg,,,,,,,,,
5,Hot Coffees,Lattes,Caffè Latte,Grande,190,18,https://globalassets.starbucks.com/assets/b635f407bbcd49e7b8dd9119ce33f76e.jpg,,,,,,,,,
5,Hot Coffees,Lattes,Caffè Latte,Venti,250,23,https://globalassets.starbucks.com/assets/b635f407bbcd49e7b8dd9119ce33f76e.jpg,,,,,,,,,
,Hot Coffees,Lattes,Cinnamon Dolce Latte,Short,190,21,https://globalassets.starbucks.com/assets/9329c03ce24f4623be25dd24d7537db2.jpg,,,,,,,,,
,Hot Coffees,Lattes,Cinnamon Dolce Latte,Tall,270,32,https://globalassets.starbucks.com/assets/9329c03ce24f4623be25dd24d7537db2.jpg,,,,,,,,,
,Hot Coffees,Lattes,Cinnamon Dolce Latte,Grande,340,41,https://globalassets.starbucks.com/assets/9329c03ce24f4623be25dd24d7537db2.jpg,,,,,,,,,
,Hot Coffees,Lattes,Cinnamon Dolce Latte,Venti,420,52,https://globalassets.starbucks.com/assets/9329c03ce24f4623be25dd24d7537db2.jpg,,,,,,,,,
19,Hot Coffees,Lattes,Coconutmilk Latte,Short,70,6,https://globalassets.starbucks.com/assets/9eb90cb6981d42f5859376c4be666060.jpg,,,,,,,,,
19,Hot Coffees,Lattes,Coconutmilk Latte,Tall,100,9,https://globalassets.starbucks.com/assets/9eb90cb6981d42f5859376c4be666060.jpg,,,,,,,,,
19,Hot Coffees,Lattes,Coconutmilk Latte,Grande,130,12,https://globalassets.starbucks.com/assets/9eb90cb6981d42f5859376c4be666060.jpg,,,,,,,,,
19,Hot Coffees,Lattes,Coconutmilk Latte,Venti,170,15,https://globalassets.starbucks.com/assets/9eb90cb6981d42f5859376c4be666060.jpg,,,,,,,,,
,Hot Coffees,Lattes,Coconutmilk Latte with Blonde Espresso,Short,70,6,https://globalassets.starbucks.com/assets/9eb90cb6981d42f5859376c4be666060.jpg,,,,,,,,,
,Hot Coffees,Lattes,Coconutmilk Latte with Blonde Espresso,Tall,100,9,https://globalassets.starbucks.com/assets/9eb90cb6981d42f5859376c4be666060.jpg,,,,,,,,,
,Hot Coffees,Lattes,Coconutmilk Latte with Blonde Espresso,Grande,130,12,https://globalassets.starbucks.com/assets/9eb90cb6981d42f5859376c4be666060.jpg,,,,,,,,,
,Hot Coffees,Lattes,Coconutmilk Latte with Blonde Espresso,Venti,170,15,https://globalassets.starbucks.com/assets/9eb90cb6981d42f5859376c4be666060.jpg,,,,,,,,,
,Hot Coffees,Lattes,Oatmilk Honey Latte,Short,140,14,https://globalassets.starbucks.com/assets/edd75880341c437ab194c14835fbb24e.jpg,,,,,,,,,
,Hot Coffees,Lattes,Oatmilk Honey Latte,Tall,200,21,https://globalassets.starbucks.com/assets/edd75880341c437ab194c14835fbb24e.jpg,,,,,,,,,
,Hot Coffees,Lattes,Oatmilk Honey Latte,Grande,270,28,https://globalassets.starbucks.com/assets/edd75880341c437ab194c14835fbb24e.jpg,,,,,,,,,
,Hot Coffees,Lattes,Oatmilk Honey Latte,Venti,360,36,https://globalassets.starbucks.com/assets/edd75880341c437ab194c14835fbb24e.jpg,,,,,,,,,
,Hot Coffees,Lattes,Oatmilk Honey Latte with Blonde Espresso,Short,120,10,https://globalassets.starbucks.com/assets/edd75880341c437ab194c14835fbb24e.jpg,,,,,,,,,
,Hot Coffees,Lattes,Oatmilk Honey Latte with Blonde Espresso,Tall,190,17,https://globalassets.starbucks.com/assets/edd75880341c437ab194c14835fbb24e.jpg,,,,,,,,,
,Hot Coffees,Lattes,Oatmilk Honey Latte with Blonde Espresso,Grande,260,24,https://globalassets.starbucks.com/assets/edd75880341c437ab194c14835fbb24e.jpg,,,,,,,,,
,Hot Coffees,Lattes,Oatmilk Honey Latte with Blonde Espresso,Venti,350,32,https://globalassets.starbucks.com/assets/edd75880341c437ab194c14835fbb24e.jpg,,,,,,,,,
,Hot Coffees,Lattes,Reserve® Hazelnut Bianco Latte,Short,190,18,https://globalassets.starbucks.com/assets/049d23aac19047f4b3a40532cc24b510.jpg,,,,,,,,,
,Hot Coffees,Lattes,Reserve® Hazelnut Bianco Latte,Tall,310,30,https://globalassets.starbucks.com/assets/049d23aac19047f4b3a40532cc24b510.jpg,,,,,,,,,
,Hot Coffees,Lattes,Reserve® Hazelnut Bianco Latte,Grande,380,36,https://globalassets.starbucks.com/assets/049d23aac19047f4b3a40532cc24b510.jpg,,,,,,,,,
,Hot Coffees,Lattes,Reserve® Hazelnut Bianco Latte,Venti,520,50,https://globalassets.starbucks.com/assets/049d23aac19047f4b3a40532cc24b510.jpg,,,,,,,,,
,Hot Coffees,Lattes,Reserve® Latte,Short,110,8,https://globalassets.starbucks.com/assets/55083489399e435e81cf41d899051a5a.jpg,,,,,,,,,
,Hot Coffees,Lattes,Reserve® Latte,Tall,180,13,https://globalassets.starbucks.com/assets/55083489399e435e81cf41d899051a5a.jpg,,,,,,,,,
,Hot Coffees,Lattes,Reserve® Latte,Grande,230,18,https://globalassets.starbucks.com/assets/55083489399e435e81cf41d899051a5a.jpg,,,,,,,,,
,Hot Coffees,Lattes,Reserve® Latte,Venti,290,22,https://globalassets.starbucks.com/assets/55083489399e435e81cf41d899051a5a.jpg,,,,,,,,,
33,Hot Coffees,Lattes,Smoked Butterscotch Latte,Short,180,21,https://globalassets.starbucks.com/assets/eea44e2041234b9cbaaff6607bea1d23.jpg,,,,,,,,,
33,Hot Coffees,Lattes,Smoked Butterscotch Latte,Tall,270,32,https://globalassets.starbucks.com/assets/eea44e2041234b9cbaaff6607bea1d23.jpg,,,,,,,,,
33,Hot Coffees,Lattes,Smoked Butterscotch Latte,Grande,350,41,https://globalassets.starbucks.com/assets/eea44e2041234b9cbaaff6607bea1d23.jpg,,,,,,,,,
33,Hot Coffees,Lattes,Smoked Butterscotch Latte,Venti,450,52,https://globalassets.starbucks.com/assets/eea44e2041234b9cbaaff6607bea1d23.jpg,,,,,,,,,
,Hot Coffees,Macchiatos,Blonde Caramel Cloud Macchiato,Short,140,19,https://globalassets.starbucks.com/assets/630461ac0c2548cba7e2ab6482bc6477.jpg,,,,,,,,,
,Hot Coffees,Macchiatos,Blonde Caramel Cloud Macchiato,Tall,210,28,https://globalassets.starbucks.com/assets/630461ac0c2548cba7e2ab6482bc6477.jpg,,,,,,,,,
,Hot Coffees,Macchiatos,Blonde Caramel Cloud Macchiato,Grande,270,34,https://globalassets.starbucks.com/assets/630461ac0c2548cba7e2ab6482bc6477.jpg,,,,,,,,,
,Hot Coffees,Macchiatos,Blonde Caramel Cloud Macchiato,Venti,330,43,https://globalassets.starbucks.com/assets/630461ac0c2548cba7e2ab6482bc6477.jpg,,,,,,,,,
,Hot Coffees,Macchiatos,Blonde Cocoa Cloud Macchiato,Short,140,19,https://globalassets.starbucks.com/assets/c2a647e72ace4d2da35b1d7b56b05d12.jpg,,,,,,,,,
,Hot Coffees,Macchiatos,Blonde Cocoa Cloud Macchiato,Tall,220,29,https://globalassets.starbucks.com/assets/c2a647e72ace4d2da35b1d7b56b05d12.jpg,,,,,,,,,
,Hot Coffees,Macchiatos,Blonde Cocoa Cloud Macchiato,Grande,280,36,https://globalassets.starbucks.com/assets/c2a647e72ace4d2da35b1d7b56b05d12.jpg,,,,,,,,,
,Hot Coffees,Macchiatos,Blonde Cocoa Cloud Macchiato,Venti,340,44,https://globalassets.starbucks.com/assets/c2a647e72ace4d2da35b1d7b56b05d12.jpg,,,,,,,,,
,Hot Coffees,Macchiatos,Caramel Cloud Macchiato,Short,140,19,https://globalassets.starbucks.com/assets/630461ac0c2548cba7e2ab6482bc6477.jpg,,,,,,,,,
,Hot Coffees,Macchiatos,Caramel Cloud Macchiato,Tall,210,28,https://globalassets.starbucks.com/assets/630461ac0c2548cba7e2ab6482bc6477.jpg,,,,,,,,,
,Hot Coffees,Macchiatos,Caramel Cloud Macchiato,Grande,280,39,https://globalassets.starbucks.com/assets/630461ac0c2548cba7e2ab6482bc6477.jpg,,,,,,,,,
,Hot Coffees,Macchiatos,Caramel Cloud Macchiato,Venti,350,47,https://globalassets.starbucks.com/assets/630461ac0c2548cba7e2ab6482bc6477.jpg,,,,,,,,,
27,Hot Coffees,Macchiatos,Caramel Macchiato,Short,120,15,https://globalassets.starbucks.com/assets/58db701349cb48738069e8c912e2b3ac.jpg,,,,,,,,,
27,Hot Coffees,Macchiatos,Caramel Macchiato,Tall,190,25,https://globalassets.starbucks.com/assets/58db701349cb48738069e8c912e2b3ac.jpg,,,,,,,,,
27,Hot Coffees,Macchiatos,Caramel Macchiato,Grande,250,33,https://globalassets.starbucks.com/assets/58db701349cb48738069e8c912e2b3ac.jpg,,,,,,,,,
27,Hot Coffees,Macchiatos,Caramel Macchiato,Venti,310,42,https://globalassets.starbucks.com/assets/58db701349cb48738069e8c912e2b3ac.jpg,,,,,,,,,
,Hot Coffees,Macchiatos,Cocoa Cloud Macchiato,Short,140,19,https://globalassets.starbucks.com/assets/c2a647e72ace4d2da35b1d7b56b05d12.jpg,,,,,,,,,
,Hot Coffees,Macchiatos,Cocoa Cloud Macchiato,Tall,220,29,https://globalassets.starbucks.com/assets/c2a647e72ace4d2da35b1d7b56b05d12.jpg,,,,,,,,,
,Hot Coffees,Macchiatos,Cocoa Cloud Macchiato,Grande,300,41,https://globalassets.starbucks.com/assets/c2a647e72ace4d2da35b1d7b56b05d12.jpg,,,,,,,,,
,Hot Coffees,Macchiatos,Cocoa Cloud Macchiato,Venti,360,49,https://globalassets.starbucks.com/assets/c2a647e72ace4d2da35b1d7b56b05d12.jpg,,,,,,,,,
,Hot Coffees,Macchiatos,Espresso Macchiato,Solo,10,0,https://globalassets.starbucks.com/assets/26495f2a8b644fe8960dd74e1891b7b7.jpg,,,,,,,,,
,Hot Coffees,Macchiatos,Espresso Macchiato,Doppio,15,0,https://globalassets.starbucks.com/assets/26495f2a8b644fe8960dd74e1891b7b7.jpg,,,,,,,,,
,Hot Coffees,Macchiatos,Espresso Macchiato,Triple,20,0,https://globalassets.starbucks.com/assets/26495f2a8b644fe8960dd74e1891b7b7.jpg,,,,,,,,,
,Hot Coffees,Macchiatos,Espresso Macchiato,Quad,25,0,https://globalassets.starbucks.com/assets/26495f2a8b644fe8960dd74e1891b7b7.jpg,,,,,,,,,
2,Hot Coffees,Mochas,Caffè Mocha,Short,200,18,https://globalassets.starbucks.com/assets/f4ec500b34624242b15c2d29e53f3c48.jpg,,,,,,,,,
2,Hot Coffees,Mochas,Caffè Mocha,Tall,290,28,https://globalassets.starbucks.com/assets/f4ec500b34624242b15c2d29e53f3c48.jpg,,,,,,,,,
2,Hot Coffees,Mochas,Caffè Mocha,Grande,360,35,https://globalassets.starbucks.com/assets/f4ec500b34624242b15c2d29e53f3c48.jpg,,,,,,,,,
2,Hot Coffees,Mochas,Caffè Mocha,Venti,450,45,https://globalassets.starbucks.com/assets/f4ec500b34624242b15c2d29e53f3c48.jpg,,,,,,,,,
,Hot Coffees,Mochas,Reserve® Dark Chocolate Mocha,Short,150,16,https://globalassets.starbucks.com/assets/ce6342b5aeea4607a0e866057e3b5a4c.jpg,,,,,,,,,
,Hot Coffees,Mochas,Reserve® Dark Chocolate Mocha,Tall,240,25,https://globalassets.starbucks.com/assets/ce6342b5aeea4607a0e866057e3b5a4c.jpg,,,,,,,,,
,Hot Coffees,Mochas,Reserve® Dark Chocolate Mocha,Grande,320,33,https://globalassets.starbucks.com/assets/ce6342b5aeea4607a0e866057e3b5a4c.jpg,,,,,,,,,
,Hot Coffees,Mochas,Reserve® Dark Chocolate Mocha,Venti,400,40,https://globalassets.starbucks.com/assets/ce6342b5aeea4607a0e866057e3b5a4c.jpg,,,,,,,,,
32,Hot Coffees,Mochas,White Chocolate Mocha,Short,230,27,https://globalassets.starbucks.com/assets/4b621e63f6ba4c19a8618055284eca8d.jpg,,,,,,,,,
32,Hot Coffees,Mochas,White Chocolate Mocha,Tall,340,41,https://globalassets.starbucks.com/assets/4b621e63f6ba4c19a8618055284eca8d.jpg,,,,,,,,,
32,Hot Coffees,Mochas,White Chocolate Mocha,Grande,430,53,https://globalassets.starbucks.com/assets/4b621e63f6ba4c19a8618055284eca8d.jpg,,,,,,,,,
32,Hot Coffees,Mochas,White Chocolate Mocha,Venti,530,67,https://globalassets.starbucks.com/assets/4b621e63f6ba4c19a8618055284eca8d.jpg,,,,,,,,,
,Hot Drinks,Hot Chocolates,Hot Chocolate,Short,230,24,https://globalassets.starbucks.com/assets/d39650cf28d44aa283a0f311581e3491.jpg,,,,,,,,,
,Hot Drinks,Hot Chocolates,Hot Chocolate,Tall,320,34,https://globalassets.starbucks.com/assets/d39650cf28d44aa283a0f311581e3491.jpg,,,,,,,,,
,Hot Drinks,Hot Chocolates,Hot Chocolate,Grande,400,43,https://globalassets.starbucks.com/assets/d39650cf28d44aa283a0f311581e3491.jpg,,,,,,,,,
,Hot Drinks,Hot Chocolates,Hot Chocolate,Venti,500,57,https://globalassets.starbucks.com/assets/d39650cf28d44aa283a0f311581e3491.jpg,,,,,,,,,
,Hot Drinks,Hot Chocolates,White Hot Chocolate,Short,240,28,https://globalassets.starbucks.com/assets/0819fb73cd904e8aa2c7e8beae341f04.jpg,,,,,,,,,
,Hot Drinks,Hot Chocolates,White Hot Chocolate,Tall,340,42,https://globalassets.starbucks.com/assets/0819fb73cd904e8aa2c7e8beae341f04.jpg,,,,,,,,,
,Hot Drinks,Hot Chocolates,White Hot Chocolate,Grande,440,55,https://globalassets.starbucks.com/assets/0819fb73cd904e8aa2c7e8beae341f04.jpg,,,,,,,,,
,Hot Drinks,Hot Chocolates,White Hot Chocolate,Venti,540,69,https://globalassets.starbucks.com/assets/0819fb73cd904e8aa2c7e8beae341f04.jpg,,,,,,,,,
,Hot Drinks,Juice,Caramel Apple Spice,Short,220,37,https://globalassets.starbucks.com/assets/878b34f91f924460bc10570a6d75f060.jpg,,,,,,,,,
,Hot Drinks,Juice,Caramel Apple Spice,Tall,300,55,https://globalassets.starbucks.com/assets/878b34f91f924460bc10570a6d75f060.jpg,,,,,,,,,
,Hot Drinks,Juice,Caramel Apple Spice,Grande,380,71,https://globalassets.starbucks.com/assets/878b34f91f924460bc10570a6d75f060.jpg,,,,,,,,,
,Hot Drinks,Juice,Caramel Apple Spice,Venti,460,88,https://globalassets.starbucks.com/assets/878b34f91f924460bc10570a6d75f060.jpg,,,,,,,,,
,Hot Drinks,Juice,Steamed Apple Juice,Short,120,27,https://globalassets.starbucks.com/assets/a9e551eb323e4f0a93cf91b165916950.jpg,,,,,,,,,
,Hot Drinks,Juice,Steamed Apple Juice,Tall,170,39,https://globalassets.starbucks.com/assets/a9e551eb323e4f0a93cf91b165916950.jpg,,,,,,,,,
,Hot Drinks,Juice,Steamed Apple Juice,Grande,220,50,https://globalassets.starbucks.com/assets/a9e551eb323e4f0a93cf91b165916950.jpg,,,,,,,,,
,Hot Drinks,Juice,Steamed Apple Juice,Venti,280,62,https://globalassets.starbucks.com/assets/a9e551eb323e4f0a93cf91b165916950.jpg,,,,,,,,,
,Hot Drinks,Steamers,Cinnamon Dolce Crème,Tall,280,33,https://globalassets.starbucks.com/assets/07a3db7c1c3d4f238187ac587fb9f12e.jpg,,,,,,,,,
,Hot Drinks,Steamers,Cinnamon Dolce Crème,Grande,350,43,https://globalassets.starbucks.com/assets/07a3db7c1c3d4f238187ac587fb9f12e.jpg,,,,,,,,,
,Hot Drinks,Steamers,Cinnamon Dolce Crème,Venti,430,54,https://globalassets.starbucks.com/assets/07a3db7c1c3d4f238187ac587fb9f12e.jpg,,,,,,,,,
,Hot Drinks,Steamers,Smoked Butterscotch Crème,Short,180,22,https://globalassets.starbucks.com/assets/29bfcdc5f9854ac19809b471fe1154c9.jpg,,,,,,,,,
,Hot Drinks,Steamers,Smoked Butterscotch Crème,Tall,280,33,https://globalassets.starbucks.com/assets/29bfcdc5f9854ac19809b471fe1154c9.jpg,,,,,,,,,
,Hot Drinks,Steamers,Smoked Butterscotch Crème,Grande,360,43,https://globalassets.starbucks.com/assets/29bfcdc5f9854ac19809b471fe1154c9.jpg,,,,,,,,,
,Hot Drinks,Steamers,Smoked Butterscotch Crème,Venti,460,54,https://globalassets.starbucks.com/assets/29bfcdc5f9854ac19809b471fe1154c9.jpg,,,,,,,,,
,Hot Drinks,Steamers,Steamed Milk,Short,100,10,https://globalassets.starbucks.com/assets/8b656cabb99344269543833b7e787bbd.jpg,,,,,,,,,
,Hot Drinks,Steamers,Steamed Milk,Tall,160,15,https://globalassets.starbucks.com/assets/8b656cabb99344269543833b7e787bbd.jpg,,,,,,,,,
,Hot Drinks,Steamers,Steamed Milk,Grande,200,19,https://globalassets.starbucks.com/assets/8b656cabb99344269543833b7e787bbd.jpg,,,,,,,,,
,Hot Drinks,Steamers,Steamed Milk,Venti,260,25,https://globalassets.starbucks.com/assets/8b656cabb99344269543833b7e787bbd.jpg,,,,,,,,,
,Hot Drinks,Steamers,Vanilla Crème,Short,180,19,https://globalassets.starbucks.com/assets/08cbcc04c487480d9587414ea1977ce7.jpg,,,,,,,,,
,Hot Drinks,Steamers,Vanilla Crème,Tall,260,29,https://globalassets.starbucks.com/assets/08cbcc04c487480d9587414ea1977ce7.jpg,,,,,,,,,
,Hot Drinks,Steamers,Vanilla Crème,Grande,330,38,https://globalassets.starbucks.com/assets/08cbcc04c487480d9587414ea1977ce7.jpg,,,,,,,,,
,Hot Drinks,Steamers,Vanilla Crème,Venti,400,48,https://globalassets.starbucks.com/assets/08cbcc04c487480d9587414ea1977ce7.jpg,,,,,,,,,
,Hot Teas,Black Teas,Earl Grey Tea,Short,0,0,https://globalassets.starbucks.com/assets/6f780d5d392542c6b9b1a4412881cecc.jpg,,,,,,,,,
,Hot Teas,Black Teas,Earl Grey Tea,Tall,0,0,https://globalassets.starbucks.com/assets/6f780d5d392542c6b9b1a4412881cecc.jpg,,,,,,,,,
,Hot Teas,Black Teas,Earl Grey Tea,Grande,0,0,https://globalassets.starbucks.com/assets/6f780d5d392542c6b9b1a4412881cecc.jpg,,,,,,,,,
,Hot Teas,Black Teas,Earl Grey Tea,Venti,0,0,https://globalassets.starbucks.com/assets/6f780d5d392542c6b9b1a4412881cecc.jpg,,,,,,,,,
,Hot Teas,Black Teas,London Fog Tea Latte,Short,90,15,https://globalassets.starbucks.com/assets/180da7ecb6fa4d2686babe5619fa7b84.jpg,,,,,,,,,
,Hot Teas,Black Teas,London Fog Tea Latte,Tall,140,22,https://globalassets.starbucks.com/assets/180da7ecb6fa4d2686babe5619fa7b84.jpg,,,,,,,,,
,Hot Teas,Black Teas,London Fog Tea Latte,Grande,180,29,https://globalassets.starbucks.com/assets/180da7ecb6fa4d2686babe5619fa7b84.jpg,,,,,,,,,
,Hot Teas,Black Teas,London Fog Tea Latte,Venti,230,37,https://globalassets.starbucks.com/assets/180da7ecb6fa4d2686babe5619fa7b84.jpg,,,,,,,,,
,Hot Teas,Black Teas,Rev Up Brewed Wellness Tea,Short,0,0,https://globalassets.starbucks.com/assets/67a499b71ba54597af1e69a83438082b.jpg,,,,,,,,,
,Hot Teas,Black Teas,Rev Up Brewed Wellness Tea,Tall,0,0,https://globalassets.starbucks.com/assets/67a499b71ba54597af1e69a83438082b.jpg,,,,,,,,,
,Hot Teas,Black Teas,Rev Up Brewed Wellness Tea,Grande,0,0,https://globalassets.starbucks.com/assets/67a499b71ba54597af1e69a83438082b.jpg,,,,,,,,,
,Hot Teas,Black Teas,Rev Up Brewed Wellness Tea,Venti,0,0,https://globalassets.starbucks.com/assets/67a499b71ba54597af1e69a83438082b.jpg,,,,,,,,,
24,Hot Teas,Black Teas,Royal English Breakfast Black Tea,Short,0,0,https://globalassets.starbucks.com/assets/e3554d07d1394ee79cfad80a383ba163.jpg,,,,,,,,,
24,Hot Teas,Black Teas,Royal English Breakfast Black Tea,Tall,0,0,https://globalassets.starbucks.com/assets/e3554d07d1394ee79cfad80a383ba163.jpg,,,,,,,,,
24,Hot Teas,Black Teas,Royal English Breakfast Black Tea,Grande,0,0,https://globalassets.starbucks.com/assets/e3554d07d1394ee79cfad80a383ba163.jpg,,,,,,,,,
24,Hot Teas,Black Teas,Royal English Breakfast Black Tea,Venti,0,0,https://globalassets.starbucks.com/assets/e3554d07d1394ee79cfad80a383ba163.jpg,,,,,,,,,
,Hot Teas,Black Teas,Royal English Breakfast Tea Latte,Short,80,11,https://globalassets.starbucks.com/assets/919eb07194f44a0b842c0260c3a286d8.jpg,,,,,,,,,
,Hot Teas,Black Teas,Royal English Breakfast Tea Latte,Tall,110,16,https://globalassets.starbucks.com/assets/919eb07194f44a0b842c0260c3a286d8.jpg,,,,,,,,,
,Hot Teas,Black Teas,Royal English Breakfast Tea Latte,Grande,150,21,https://globalassets.starbucks.com/assets/919eb07194f44a0b842c0260c3a286d8.jpg,,,,,,,,,
,Hot Teas,Black Teas,Royal English Breakfast Tea Latte,Venti,190,27,https://globalassets.starbucks.com/assets/919eb07194f44a0b842c0260c3a286d8.jpg,,,,,,,,,
9,Hot Teas,Chai Teas,Chai Latte,Short,120,21,https://globalassets.starbucks.com/assets/2d52f16a22fb40ff898be1815ecc952e.jpg,,,,,,,,,
9,Hot Teas,Chai Teas,Chai Latte,Tall,190,32,https://globalassets.starbucks.com/assets/2d52f16a22fb40ff898be1815ecc952e.jpg,,,,,,,,,
9,Hot Teas,Chai Teas,Chai Latte,Grande,240,42,https://globalassets.starbucks.com/assets/2d52f16a22fb40ff898be1815ecc952e.jpg,,,,,,,,,
9,Hot Teas,Chai Teas,Chai Latte,Venti,310,53,https://globalassets.starbucks.com/assets/2d52f16a22fb40ff898be1815ecc952e.jpg,,,,,,,,,
,Hot Teas,Chai Teas,Teavana® Chai Tea,Short,0,0,https://globalassets.starbucks.com/assets/49bf4333e9d048498a59a5a2b958165f.jpg,,,,,,,,,
,Hot Teas,Chai Teas,Teavana® Chai Tea,Tall,0,0,https://globalassets.starbucks.com/assets/49bf4333e9d048498a59a5a2b958165f.jpg,,,,,,,,,
,Hot Teas,Chai Teas,Teavana® Chai Tea,Grande,0,0,https://globalassets.starbucks.com/assets/49bf4333e9d048498a59a5a2b958165f.jpg,,,,,,,,,
,Hot Teas,Chai Teas,Teavana® Chai Tea,Venti,0,0,https://globalassets.starbucks.com/assets/49bf4333e9d048498a59a5a2b958165f.jpg,,,,,,,,,
10,Hot Teas,Green Teas,Emperor’s Clouds & Mist®,Short,0,0,https://globalassets.starbucks.com/assets/1a84d455abd84ac3b356c6523fce9ac8.jpg,,,,,,,,,
10,Hot Teas,Green Teas,Emperor’s Clouds & Mist®,Tall,0,0,https://globalassets.starbucks.com/assets/1a84d455abd84ac3b356c6523fce9ac8.jpg,,,,,,,,,
10,Hot Teas,Green Teas,Emperor’s Clouds & Mist®,Grande,0,0,https://globalassets.starbucks.com/assets/1a84d455abd84ac3b356c6523fce9ac8.jpg,,,,,,,,,
10,Hot Teas,Green Teas,Emperor’s Clouds & Mist®,Venti,0,0,https://globalassets.starbucks.com/assets/1a84d455abd84ac3b356c6523fce9ac8.jpg,,,,,,,,,
13,Hot Teas,Green Teas,Honey Citrus Mint Tea,Short,60,15,https://globalassets.starbucks.com/assets/a5e64777b3cc412e9239b8a37328cb37.jpg,,,,,,,,,
13,Hot Teas,Green Teas,Honey Citrus Mint Tea,Tall,80,19,https://globalassets.starbucks.com/assets/a5e64777b3cc412e9239b8a37328cb37.jpg,,,,,,,,,
13,Hot Teas,Green Teas,Honey Citrus Mint Tea,Grande,130,30,https://globalassets.starbucks.com/assets/a5e64777b3cc412e9239b8a37328cb37.jpg,,,,,,,,,
13,Hot Teas,Green Teas,Honey Citrus Mint Tea,Venti,150,34,https://globalassets.starbucks.com/assets/a5e64777b3cc412e9239b8a37328cb37.jpg,,,,,,,,,
11,Hot Teas,Green Teas,Jade Citrus Mint® Brewed Tea,Short,0,0,https://globalassets.starbucks.com/assets/6a59c09bb55c42f8a6a970e73c22caeb.jpg,,,,,,,,,
11,Hot Teas,Green Teas,Jade Citrus Mint® Brewed Tea,Tall,0,0,https://globalassets.starbucks.com/assets/6a59c09bb55c42f8a6a970e73c22caeb.jpg,,,,,,,,,
11,Hot Teas,Green Teas,Jade Citrus Mint® Brewed Tea,Grande,0,0,https://globalassets.starbucks.com/assets/6a59c09bb55c42f8a6a970e73c22caeb.jpg,,,,,,,,,
11,Hot Teas,Green Teas,Jade Citrus Mint® Brewed Tea,Venti,0,0,https://globalassets.starbucks.com/assets/6a59c09bb55c42f8a6a970e73c22caeb.jpg,,,,,,,,,
8,Hot Teas,Green Teas,Matcha Green Tea Latte,Short,110,14,https://globalassets.starbucks.com/assets/8b1b6d808cca4787afd2b30cf8dd5676.jpg,,,,,,,,,
8,Hot Teas,Green Teas,Matcha Green Tea Latte,Tall,190,24,https://globalassets.starbucks.com/assets/8b1b6d808cca4787afd2b30cf8dd5676.jpg,,,,,,,,,
8,Hot Teas,Green Teas,Matcha Green Tea Latte,Grande,240,32,https://globalassets.starbucks.com/assets/8b1b6d808cca4787afd2b30cf8dd5676.jpg,,,,,,,,,
8,Hot Teas,Green Teas,Matcha Green Tea Latte,Venti,320,43,https://globalassets.starbucks.com/assets/8b1b6d808cca4787afd2b30cf8dd5676.jpg,,,,,,,,,
,Hot Teas,Herbal Teas,Comfort Brewed Wellness Tea,Short,0,0,https://globalassets.starbucks.com/assets/74588adfe54a410997948fb219f1352f.jpg,,,,,,,,,
,Hot Teas,Herbal Teas,Comfort Brewed Wellness Tea,Tall,0,0,https://globalassets.starbucks.com/assets/74588adfe54a410997948fb219f1352f.jpg,,,,,,,,,
,Hot Teas,Herbal Teas,Comfort Brewed Wellness Tea,Grande,0,0,https://globalassets.starbucks.com/assets/74588adfe54a410997948fb219f1352f.jpg,,,,,,,,,
,Hot Teas,Herbal Teas,Comfort Brewed Wellness Tea,Venti,0,0,https://globalassets.starbucks.com/assets/74588adfe54a410997948fb219f1352f.jpg,,,,,,,,,
,Hot Teas,Herbal Teas,Mint Majesty®,Short,0,0,https://globalassets.starbucks.com/assets/cf7469c84a444e4f9a341f8023558c77.jpg,,,,,,,,,
,Hot Teas,Herbal Teas,Mint Majesty®,Tall,0,0,https://globalassets.starbucks.com/assets/cf7469c84a444e4f9a341f8023558c77.jpg,,,,,,,,,
,Hot Teas,Herbal Teas,Mint Majesty®,Grande,0,0,https://globalassets.starbucks.com/assets/cf7469c84a444e4f9a341f8023558c77.jpg,,,,,,,,,
,Hot Teas,Herbal Teas,Mint Majesty®,Venti,0,0,https://globalassets.starbucks.com/assets/cf7469c84a444e4f9a341f8023558c77.jpg,,,,,,,,,
,Hot Teas,Herbal Teas,Peach Tranquility®,Short,0,0,https://globalassets.starbucks.com/assets/f3ecda7d7510434c9ed2b3167dcb4466.jpg,,,,,,,,,
,Hot Teas,Herbal Teas,Peach Tranquility®,Tall,0,0,https://globalassets.starbucks.com/assets/f3ecda7d7510434c9ed2b3167dcb4466.jpg,,,,,,,,,
,Hot Teas,Herbal Teas,Peach Tranquility®,Grande,0,0,https://globalassets.starbucks.com/assets/f3ecda7d7510434c9ed2b3167dcb4466.jpg,,,,,,,,,
,Hot Teas,Herbal Teas,Peach Tranquility®,Venti,0,0,https://globalassets.starbucks.com/assets/f3ecda7d7510434c9ed2b3167dcb4466.jpg,,,,,,,,,
,Hot Teas,White Teas,Defense Brewed Wellness Tea,Short,5,0,https://globalassets.starbucks.com/assets/c2b479d17ec04635bdd0cf80ff7754e1.jpg,,,,,,,,,
,Hot Teas,White Teas,Defense Brewed Wellness Tea,Tall,5,0,https://globalassets.starbucks.com/assets/c2b479d17ec04635bdd0cf80ff7754e1.jpg,,,,,,,,,
,Hot Teas,White Teas,Defense Brewed Wellness Tea,Grande,10,0,https://globalassets.starbucks.com/assets/c2b479d17ec04635bdd0cf80ff7754e1.jpg,,,,,,,,,
,Hot Teas,White Teas,Defense Brewed Wellness Tea,Venti,10,0,https://globalassets.starbucks.com/assets/c2b479d17ec04635bdd0cf80ff7754e1.jpg,,,,,,,,,
,Iced Teas,Iced Black Teas,Iced Black Tea,Tall,30,8,https://globalassets.starbucks.com/assets/b87b4ec73da2443d9e505319ac46168b.jpg,,,,,,,,,
,Iced Teas,Iced Black Teas,Iced Black Tea,Grande,45,11,https://globalassets.starbucks.com/assets/b87b4ec73da2443d9e505319ac46168b.jpg,,,,,,,,,
,Iced Teas,Iced Black Teas,Iced Black Tea,Venti,60,16,https://globalassets.starbucks.com/assets/b87b4ec73da2443d9e505319ac46168b.jpg,,,,,,,,,
,Iced Teas,Iced Black Teas,Iced Black Tea,Trenta,70,19,https://globalassets.starbucks.com/assets/b87b4ec73da2443d9e505319ac46168b.jpg,,,,,,,,,
,Iced Teas,Iced Black Teas,Iced Black Tea Lemonade,Tall,70,16,https://globalassets.starbucks.com/assets/818612edc424442d956c81343f6a00d0.jpg,,,,,,,,,
,Iced Teas,Iced Black Teas,Iced Black Tea Lemonade,Grande,90,22,https://globalassets.starbucks.com/assets/818612edc424442d956c81343f6a00d0.jpg,,,,,,,,,
,Iced Teas,Iced Black Teas,Iced Black Tea Lemonade,Venti,130,33,https://globalassets.starbucks.com/assets/818612edc424442d956c81343f6a00d0.jpg,,,,,,,,,
,Iced Teas,Iced Black Teas,Iced Black Tea Lemonade,Trenta,170,41,https://globalassets.starbucks.com/assets/818612edc424442d956c81343f6a00d0.jpg,,,,,,,,,
,Iced Teas,Iced Black Teas,Iced London Fog Tea Latte,Tall,100,19,https://globalassets.starbucks.com/assets/9e0d704b717d4126804e18fffb341087.jpg,,,,,,,,,
,Iced Teas,Iced Black Teas,Iced London Fog Tea Latte,Grande,140,25,https://globalassets.starbucks.com/assets/9e0d704b717d4126804e18fffb341087.jpg,,,,,,,,,
,Iced Teas,Iced Black Teas,Iced London Fog Tea Latte,Venti,210,37,https://globalassets.starbucks.com/assets/9e0d704b717d4126804e18fffb341087.jpg,,,,,,,,,
,Iced Teas,Iced Black Teas,Iced Royal English Breakfast Tea Latte,Tall,100,19,https://globalassets.starbucks.com/assets/9cce6d52c029474bb861d72bca0a65b3.jpg,,,,,,,,,
,Iced Teas,Iced Black Teas,Iced Royal English Breakfast Tea Latte,Grande,140,25,https://globalassets.starbucks.com/assets/9cce6d52c029474bb861d72bca0a65b3.jpg,,,,,,,,,
,Iced Teas,Iced Black Teas,Iced Royal English Breakfast Tea Latte,Venti,210,37,https://globalassets.starbucks.com/assets/9cce6d52c029474bb861d72bca0a65b3.jpg,,,,,,,,,
,Iced Teas,Iced Chai Teas,Iced Chai Tea Latte,Tall,180,31,https://globalassets.starbucks.com/assets/7b51b01b4a394a829ff9df4ef9f3be3c.jpg,,,,,,,,,
,Iced Teas,Iced Chai Teas,Iced Chai Tea Latte,Grande,240,42,https://globalassets.starbucks.com/assets/7b51b01b4a394a829ff9df4ef9f3be3c.jpg,,,,,,,,,
,Iced Teas,Iced Chai Teas,Iced Chai Tea Latte,Venti,350,61,https://globalassets.starbucks.com/assets/7b51b01b4a394a829ff9df4ef9f3be3c.jpg,,,,,,,,,
12,Iced Teas,Iced Green Teas,Iced Green Tea,Tall,30,8,https://globalassets.starbucks.com/assets/764d8822c2a345cd873127845a3b09f4.jpg,,,,,,,,,
12,Iced Teas,Iced Green Teas,Iced Green Tea,Grande,45,11,https://globalassets.starbucks.com/assets/764d8822c2a345cd873127845a3b09f4.jpg,,,,,,,,,
12,Iced Teas,Iced Green Teas,Iced Green Tea,Venti,60,16,https://globalassets.starbucks.com/assets/764d8822c2a345cd873127845a3b09f4.jpg,,,,,,,,,
12,Iced Teas,Iced Green Teas,Iced Green Tea,Trenta,70,19,https://globalassets.starbucks.com/assets/764d8822c2a345cd873127845a3b09f4.jpg,,,,,,,,,
,Iced Teas,Iced Green Teas,Iced Green Tea Lemonade,Tall,70,16,https://globalassets.starbucks.com/assets/84d27419b3454046bd02683c02fa7736.jpg,,,,,,,,,
,Iced Teas,Iced Green Teas,Iced Green Tea Lemonade,Grande,90,22,https://globalassets.starbucks.com/assets/84d27419b3454046bd02683c02fa7736.jpg,,,,,,,,,
,Iced Teas,Iced Green Teas,Iced Green Tea Lemonade,Venti,140,33,https://globalassets.starbucks.com/assets/84d27419b3454046bd02683c02fa7736.jpg,,,,,,,,,
,Iced Teas,Iced Green Teas,Iced Green Tea Lemonade,Trenta,170,41,https://globalassets.starbucks.com/assets/84d27419b3454046bd02683c02fa7736.jpg,,,,,,,,,
,Iced Teas,Iced Green Teas,Iced Matcha Green Tea Latte,Tall,140,20,https://globalassets.starbucks.com/assets/21f5c9e19d614c7481c1a964e81d1bbc.jpg,,,,,,,,,
,Iced Teas,Iced Green Teas,Iced Matcha Green Tea Latte,Grande,200,28,https://globalassets.starbucks.com/assets/21f5c9e19d614c7481c1a964e81d1bbc.jpg,,,,,,,,,
,Iced Teas,Iced Green Teas,Iced Matcha Green Tea Latte,Venti,280,39,https://globalassets.starbucks.com/assets/21f5c9e19d614c7481c1a964e81d1bbc.jpg,,,,,,,,,
,Iced Teas,Iced Green Teas,Iced Peach Green Tea,Tall,80,17,https://globalassets.starbucks.com/assets/8d4b5de7c32a447c89610f81cf2f86be.jpg,,,,,,,,,
,Iced Teas,Iced Green Teas,Iced Peach Green Tea,Grande,100,23,https://globalassets.starbucks.com/assets/8d4b5de7c32a447c89610f81cf2f86be.jpg,,,,,,,,,
,Iced Teas,Iced Green Teas,Iced Peach Green Tea,Venti,150,34,https://globalassets.starbucks.com/assets/8d4b5de7c32a447c89610f81cf2f86be.jpg,,,,,,,,,
,Iced Teas,Iced Green Teas,Iced Peach Green Tea,Trenta,190,43,https://globalassets.starbucks.com/assets/8d4b5de7c32a447c89610f81cf2f86be.jpg,,,,,,,,,
4,Iced Teas,Iced Green Teas,Iced Peach Green Tea Lemonade,Tall,100,21,https://globalassets.starbucks.com/assets/792d15369dc94014a9ad6e255dbb83cf.jpg,,,,,,,,,
4,Iced Teas,Iced Green Teas,Iced Peach Green Tea Lemonade,Grande,130,29,https://globalassets.starbucks.com/assets/792d15369dc94014a9ad6e255dbb83cf.jpg,,,,,,,,,
4,Iced Teas,Iced Green Teas,Iced Peach Green Tea Lemonade,Venti,190,43,https://globalassets.starbucks.com/assets/792d15369dc94014a9ad6e255dbb83cf.jpg,,,,,,,,,
4,Iced Teas,Iced Green Teas,Iced Peach Green Tea Lemonade,Trenta,240,54,https://globalassets.starbucks.com/assets/792d15369dc94014a9ad6e255dbb83cf.jpg,,,,,,,,,
,Iced Teas,Iced Green Teas,Matcha Lemonade,Tall,90,19,https://globalassets.starbucks.com/assets/8cd203f920844ccc95dd514f8b0d4972.jpg,,,,,,,,,
,Iced Teas,Iced Green Teas,Matcha Lemonade,Grande,120,27,https://globalassets.starbucks.com/assets/8cd203f920844ccc95dd514f8b0d4972.jpg,,,,,,,,,
,Iced Teas,Iced Green Teas,Matcha Lemonade,Venti,170,38,https://globalassets.starbucks.com/assets/8cd203f920844ccc95dd514f8b0d4972.jpg,,,,,,,,,
,Iced Teas,Iced Herbal Teas,Iced Passion Tango® Tea Lemonade,Tall,70,16,https://globalassets.starbucks.com/assets/569e49c5042e45eb8b16dc17aab2d482.jpg,,,,,,,,,
,Iced Teas,Iced Herbal Teas,Iced Passion Tango® Tea Lemonade,Grande,90,22,https://globalassets.starbucks.com/assets/569e49c5042e45eb8b16dc17aab2d482.jpg,,,,,,,,,
,Iced Teas,Iced Herbal Teas,Iced Passion Tango® Tea Lemonade,Venti,140,33,https://globalassets.starbucks.com/assets/569e49c5042e45eb8b16dc17aab2d482.jpg,,,,,,,,,
,Iced Teas,Iced Herbal Teas,Iced Passion Tango® Tea Lemonade,Trenta,170,41,https://globalassets.starbucks.com/assets/569e49c5042e45eb8b16dc17aab2d482.jpg,,,,,,,,,
,Iced Teas,Iced Herbal Teas,Iced Passion Tango™ Tea,Tall,30,8,https://globalassets.starbucks.com/assets/76893bb0e1574db5826dea6eb342da90.jpg,,,,,,,,,
,Iced Teas,Iced Herbal Teas,Iced Passion Tango™ Tea,Grande,45,11,https://globalassets.starbucks.com/assets/76893bb0e1574db5826dea6eb342da90.jpg,,,,,,,,,
,Iced Teas,Iced Herbal Teas,Iced Passion Tango™ Tea,Venti,60,16,https://globalassets.starbucks.com/assets/76893bb0e1574db5826dea6eb342da90.jpg,,,,,,,,,
,Iced Teas,Iced Herbal Teas,Iced Passion Tango™ Tea,Trenta,70,19,https://globalassets.starbucks.com/assets/76893bb0e1574db5826dea6eb342da90.jpg,,,,,,,,,
29,Iced Teas,Iced White Teas,Iced Guava White Tea,Tall,80,17,https://globalassets.starbucks.com/assets/6cf16e181a4e4d6ca50a5fa11bcef6b9.jpg,,,,,,,,,
29,Iced Teas,Iced White Teas,Iced Guava White Tea,Grande,110,23,https://globalassets.starbucks.com/assets/6cf16e181a4e4d6ca50a5fa11bcef6b9.jpg,,,,,,,,,
29,Iced Teas,Iced White Teas,Iced Guava White Tea,Venti,160,35,https://globalassets.starbucks.com/assets/6cf16e181a4e4d6ca50a5fa11bcef6b9.jpg,,,,,,,,,
29,Iced Teas,Iced White Teas,Iced Guava White Tea,Trenta,210,44,https://globalassets.starbucks.com/assets/6cf16e181a4e4d6ca50a5fa11bcef6b9.jpg,,,,,,,,,
,Iced Teas,Iced White Teas,Iced Guava White Tea Lemonade,Tall,100,22,https://globalassets.starbucks.com/assets/0af7327441b244808d83146ee1f96088.jpg,,,,,,,,,
,Iced Teas,Iced White Teas,Iced Guava White Tea Lemonade,Grande,130,29,https://globalassets.starbucks.com/assets/0af7327441b244808d83146ee1f96088.jpg,,,,,,,,,
,Iced Teas,Iced White Teas,Iced Guava White Tea Lemonade,Venti,200,43,https://globalassets.starbucks.com/assets/0af7327441b244808d83146ee1f96088.jpg,,,,,,,,,
,Iced Teas,Iced White Teas,Iced Guava White Tea Lemonade,Trenta,250,55,https://globalassets.starbucks.com/assets/0af7327441b244808d83146ee1f96088.jpg,,,,,,,,,
,Iced Teas,Iced White Teas,Iced White Tea,Tall,30,8,https://globalassets.starbucks.com/assets/349127afbe87459985ae29dd31d1b096.jpg,,,,,,,,,
,Iced Teas,Iced White Teas,Iced White Tea,Grande,45,11,https://globalassets.starbucks.com/assets/349127afbe87459985ae29dd31d1b096.jpg,,,,,,,,,
,Iced Teas,Iced White Teas,Iced White Tea,Venti,60,16,https://globalassets.starbucks.com/assets/349127afbe87459985ae29dd31d1b096.jpg,,,,,,,,,
,Iced Teas,Iced White Teas,Iced White Tea,Trenta,70,19,https://globalassets.starbucks.com/assets/349127afbe87459985ae29dd31d1b096.jpg,,,,,,,,,
,Iced Teas,Iced White Teas,Iced White Tea Lemonade,Tall,70,16,https://globalassets.starbucks.com/assets/b6cc9e481b5c4d7e8e768ddeb7aef12e.jpg,,,,,,,,,
,Iced Teas,Iced White Teas,Iced White Tea Lemonade,Grande,90,22,https://globalassets.starbucks.com/assets/b6cc9e481b5c4d7e8e768ddeb7aef12e.jpg,,,,,,,,,
,Iced Teas,Iced White Teas,Iced White Tea Lemonade,Venti,140,33,https://globalassets.starbucks.com/assets/b6cc9e481b5c4d7e8e768ddeb7aef12e.jpg,,,,,,,,,
,Iced Teas,Iced White Teas,Iced White Tea Lemonade,Trenta,170,41,https://globalassets.starbucks.com/assets/b6cc9e481b5c4d7e8e768ddeb7aef12e.jpg,,,,,,,,,
